soma_joinid,citation,collection_id,collection_name,collection_doi,collection_doi_label,dataset_id,dataset_version_id,dataset_title,dataset_h5ad_path,dataset_total_cell_count
43,Publication: https://doi.org/10.1016/j.cell.2022.11.005 Dataset Version: https://datasets.cellxgene.cziscience.com/4e4be92c-985c-43c1-a24c-c6b2c0dca70a.h5ad curated and distributed by CZ CELLxGENE Discover in Collection: https://cellxgene.cziscience.com/collections/2d2e2acd-dade-489f-a2da-6c11aa654028,2d2e2acd-dade-489f-a2da-6c11aa654028,A human fetal lung cell atlas uncovers proximal-distal gradients of differentiation and key regulators of epithelial fates,10.1016/j.cell.2022.11.005,He et al. (2022) Cell,703f00e6-b996-48e5-bc34-00c41b9876f4,4e4be92c-985c-43c1-a24c-c6b2c0dca70a,PNS,703f00e6-b996-48e5-bc34-00c41b9876f4.h5ad,649
62,Publication: https://doi.org/10.1016/j.immuni.2022.09.002 Dataset Version: https://datasets.cellxgene.cziscience.com/fc095b90-63b6-4fb3-bd23-a48e869467f5.h5ad curated and distributed by CZ CELLxGENE Discover in Collection: https://cellxgene.cziscience.com/collections/02b01703-bf1b-48de-b99a-23bef8cccc81,02b01703-bf1b-48de-b99a-23bef8cccc81,Spatially mapping T cell receptors and transcriptomes,10.1016/j.immuni.2022.09.002,Liu et al. (2022) Immunity,9b1437bb-42fe-47d8-8962-835d95581763,fc095b90-63b6-4fb3-bd23-a48e869467f5,"Renal cell carcinoma, post aPD1, lung metastasis Puck_200727_09",9b1437bb-42fe-47d8-8962-835d95581763.h5ad,14990
75,Publication: https://doi.org/10.1016/j.immuni.2021.03.005 Dataset Version: https://datasets.cellxgene.cziscience.com/06748cf1-9a1d-4ac5-9999-98152bfc6ae9.h5ad curated and distributed by CZ CELLxGENE Discover in Collection: https://cellxgene.cziscience.com/collections/29f92179-ca10-4309-a32b-d383d80347c1,29f92179-ca10-4309-a32b-d383d80347c1,Longitudinal profiling of respiratory and systemic immune responses reveals myeloid cell-driven lung inflammation in severe COVID-19,10.1016/j.immuni.2021.03.005,Szabo et al. (2021) Immunity,eec804b9-2ae5-44f0-a1b5-d721e21257de,06748cf1-9a1d-4ac5-9999-98152bfc6ae9,74 years old female - Airway Wash (5 days post-intubation),eec804b9-2ae5-44f0-a1b5-d721e21257de.h5ad,1324
108,Publication: https://doi.org/10.1016/j.immuni.2021.03.005 Dataset Version: https://datasets.cellxgene.cziscience.com/42bfe98e-093a-451b-ab2f-4d43f9316d62.h5ad curated and distributed by CZ CELLxGENE Discover in Collection: https://cellxgene.cziscience.com/collections/29f92179-ca10-4309-a32b-d383d80347c1,29f92179-ca10-4309-a32b-d383d80347c1,Longitudinal profiling of respiratory and systemic immune responses reveals myeloid cell-driven lung inflammation in severe COVID-19,10.1016/j.immuni.2021.03.005,Szabo et al. (2021) Immunity,b25f3834-69b3-4d87-a272-3938432d1f30,42bfe98e-093a-451b-ab2f-4d43f9316d62,82 years old female - Airway Wash (1 day post-intubation),b25f3834-69b3-4d87-a272-3938432d1f30.h5ad,1074
109,Publication: https://doi.org/10.1016/j.immuni.2022.09.002 Dataset Version: https://datasets.cellxgene.cziscience.com/609c2e68-00c6-401d-a4de-42c984f29635.h5ad curated and distributed by CZ CELLxGENE Discover in Collection: https://cellxgene.cziscience.com/collections/02b01703-bf1b-48de-b99a-23bef8cccc81,02b01703-bf1b-48de-b99a-23bef8cccc81,Spatially mapping T cell receptors and transcriptomes,10.1016/j.immuni.2022.09.002,Liu et al. (2022) Immunity,cc43509e-8729-4cbc-ace9-f0f7d654ee53,609c2e68-00c6-401d-a4de-42c984f29635,"Renal cell carcinoma, post aPD1, lung metastasis Puck_200727_10",cc43509e-8729-4cbc-ace9-f0f7d654ee53.h5ad,15366
136,Publication: https://doi.org/10.1016/j.immuni.2022.09.002 Dataset Version: https://datasets.cellxgene.cziscience.com/e407a87b-5fad-4cef-83f8-85ee38e45dc9.h5ad curated and distributed by CZ CELLxGENE Discover in Collection: https://cellxgene.cziscience.com/collections/02b01703-bf1b-48de-b99a-23bef8cccc81,02b01703-bf1b-48de-b99a-23bef8cccc81,Spatially mapping T cell receptors and transcriptomes,10.1016/j.immuni.2022.09.002,Liu et al. (2022) Immunity,6d243918-f3f6-4a9e-b72e-39d96de73095,e407a87b-5fad-4cef-83f8-85ee38e45dc9,"Renal cell carcinoma, post aPD1, lung metastasis Puck_200727_08",6d243918-f3f6-4a9e-b72e-39d96de73095.h5ad,18851
142,Publication: https://doi.org/10.1016/j.immuni.2021.03.005 Dataset Version: https://datasets.cellxgene.cziscience.com/455d61c0-3709-4084-8b2f-cde2f1484970.h5ad curated and distributed by CZ CELLxGENE Discover in Collection: https://cellxgene.cziscience.com/collections/29f92179-ca10-4309-a32b-d383d80347c1,29f92179-ca10-4309-a32b-d383d80347c1,Longitudinal profiling of respiratory and systemic immune responses reveals myeloid cell-driven lung inflammation in severe COVID-19,10.1016/j.immuni.2021.03.005,Szabo et al. (2021) Immunity,a65bcc2d-4243-44c1-a262-ab7dcddfcf86,455d61c0-3709-4084-8b2f-cde2f1484970,74 years old female - Airway Wash (7 days post-intubation),a65bcc2d-4243-44c1-a262-ab7dcddfcf86.h5ad,810
208,Publication: https://doi.org/10.1016/j.immuni.2021.03.005 Dataset Version: https://datasets.cellxgene.cziscience.com/6f4e1c53-ec01-4937-a115-a0e95c5ff648.h5ad curated and distributed by CZ CELLxGENE Discover in Collection: https://cellxgene.cziscience.com/collections/29f92179-ca10-4309-a32b-d383d80347c1,29f92179-ca10-4309-a32b-d383d80347c1,Longitudinal profiling of respiratory and systemic immune responses reveals myeloid cell-driven lung inflammation in severe COVID-19,10.1016/j.immuni.2021.03.005,Szabo et al. (2021) Immunity,e5f5d954-cf0e-4bd8-9346-8d1ddf15a08b,6f4e1c53-ec01-4937-a115-a0e95c5ff648,49 years old male - Airway Wash (3 days post-intubation),e5f5d954-cf0e-4bd8-9346-8d1ddf15a08b.h5ad,2487
209,Publication: https://doi.org/10.1016/j.immuni.2021.03.005 Dataset Version: https://datasets.cellxgene.cziscience.com/5d26b495-41c5-4485-91b8-a0a5e5762412.h5ad curated and distributed by CZ CELLxGENE Discover in Collection: https://cellxgene.cziscience.com/collections/29f92179-ca10-4309-a32b-d383d80347c1,29f92179-ca10-4309-a32b-d383d80347c1,Longitudinal profiling of respiratory and systemic immune responses reveals myeloid cell-driven lung inflammation in severe COVID-19,10.1016/j.immuni.2021.03.005,Szabo et al. (2021) Immunity,62de80d7-e6c4-4ff0-ad4c-d3d36f57cb93,5d26b495-41c5-4485-91b8-a0a5e5762412,66 years old female - Airway Wash (4 days post-intubation),62de80d7-e6c4-4ff0-ad4c-d3d36f57cb93.h5ad,2598
216,Publication: https://doi.org/10.1016/j.immuni.2022.09.002 Dataset Version: https://datasets.cellxgene.cziscience.com/72ea6236-2371-42ae-a1ad-6e6b698170d2.h5ad curated and distributed by CZ CELLxGENE Discover in Collection: https://cellxgene.cziscience.com/collections/02b01703-bf1b-48de-b99a-23bef8cccc81,02b01703-bf1b-48de-b99a-23bef8cccc81,Spatially mapping T cell receptors and transcriptomes,10.1016/j.immuni.2022.09.002,Liu et al. (2022) Immunity,32ffc3a7-c88d-49e1-894f-8e09d0184ee9,72ea6236-2371-42ae-a1ad-6e6b698170d2,"Renal cell carcinoma, post aPD1, lung metastasis Puck_220408_13",32ffc3a7-c88d-49e1-894f-8e09d0184ee9.h5ad,40217
220,Publication: https://doi.org/10.1016/j.immuni.2021.03.005 Dataset Version: https://datasets.cellxgene.cziscience.com/fa83d537-3ddf-40b2-961f-8f2b48fa1e70.h5ad curated and distributed by CZ CELLxGENE Discover in Collection: https://cellxgene.cziscience.com/collections/29f92179-ca10-4309-a32b-d383d80347c1,29f92179-ca10-4309-a32b-d383d80347c1,Longitudinal profiling of respiratory and systemic immune responses reveals myeloid cell-driven lung inflammation in severe COVID-19,10.1016/j.immuni.2021.03.005,Szabo et al. (2021) Immunity,7d98cc44-b090-4dc8-804f-2750c84fe9d7,fa83d537-3ddf-40b2-961f-8f2b48fa1e70,49 years old male - Airway Wash (1 day post-intubation),7d98cc44-b090-4dc8-804f-2750c84fe9d7.h5ad,2489
238,Publication: https://doi.org/10.1016/j.immuni.2022.09.002 Dataset Version: https://datasets.cellxgene.cziscience.com/6b0ebf50-ae2e-432e-83aa-f09dc1ded6bd.h5ad curated and distributed by CZ CELLxGENE Discover in Collection: https://cellxgene.cziscience.com/collections/02b01703-bf1b-48de-b99a-23bef8cccc81,02b01703-bf1b-48de-b99a-23bef8cccc81,Spatially mapping T cell receptors and transcriptomes,10.1016/j.immuni.2022.09.002,Liu et al. (2022) Immunity,4aefec71-da4e-48ec-a910-c542b5807c7d,6b0ebf50-ae2e-432e-83aa-f09dc1ded6bd,"Renal cell carcinoma, post aPD1, lung metastasis Puck_220408_14",4aefec71-da4e-48ec-a910-c542b5807c7d.h5ad,37568
241,Publication: https://doi.org/10.1016/j.immuni.2021.03.005 Dataset Version: https://datasets.cellxgene.cziscience.com/5b6d0e13-8d68-486c-9c51-651089d35eab.h5ad curated and distributed by CZ CELLxGENE Discover in Collection: https://cellxgene.cziscience.com/collections/29f92179-ca10-4309-a32b-d383d80347c1,29f92179-ca10-4309-a32b-d383d80347c1,Longitudinal profiling of respiratory and systemic immune responses reveals myeloid cell-driven lung inflammation in severe COVID-19,10.1016/j.immuni.2021.03.005,Szabo et al. (2021) Immunity,8a554710-08bc-4005-87cd-da9675bdc2e7,5b6d0e13-8d68-486c-9c51-651089d35eab,82 years old female - Fresh PBMCs (1 day post-intubation),8a554710-08bc-4005-87cd-da9675bdc2e7.h5ad,4232
243,Publication: https://doi.org/10.1016/j.immuni.2022.09.002 Dataset Version: https://datasets.cellxgene.cziscience.com/077a3cb7-030a-4fd9-b0d4-7add7c6a0016.h5ad curated and distributed by CZ CELLxGENE Discover in Collection: https://cellxgene.cziscience.com/collections/02b01703-bf1b-48de-b99a-23bef8cccc81,02b01703-bf1b-48de-b99a-23bef8cccc81,Spatially mapping T cell receptors and transcriptomes,10.1016/j.immuni.2022.09.002,Liu et al. (2022) Immunity,07efa1c3-7649-43d8-b798-e26a0145ee65,077a3cb7-030a-4fd9-b0d4-7add7c6a0016,"Renal cell carcinoma, post aPD1, lung metastasis Puck_220408_15",07efa1c3-7649-43d8-b798-e26a0145ee65.h5ad,35839
247,Publication: https://doi.org/10.1016/j.immuni.2021.03.005 Dataset Version: https://datasets.cellxgene.cziscience.com/4c42a0a8-c5cf-4525-9120-dae962b5922e.h5ad curated and distributed by CZ CELLxGENE Discover in Collection: https://cellxgene.cziscience.com/collections/29f92179-ca10-4309-a32b-d383d80347c1,29f92179-ca10-4309-a32b-d383d80347c1,Longitudinal profiling of respiratory and systemic immune responses reveals myeloid cell-driven lung inflammation in severe COVID-19,10.1016/j.immuni.2021.03.005,Szabo et al. (2021) Immunity,dbf0bd35-87f8-4b25-bc90-a3c54f379907,4c42a0a8-c5cf-4525-9120-dae962b5922e,66 years old female - Airway Wash (3 days post-intubation),dbf0bd35-87f8-4b25-bc90-a3c54f379907.h5ad,3434
250,Publication: https://doi.org/10.1016/j.immuni.2021.03.005 Dataset Version: https://datasets.cellxgene.cziscience.com/c8951cd9-c0fc-43bd-8087-c991cf8130e4.h5ad curated and distributed by CZ CELLxGENE Discover in Collection: https://cellxgene.cziscience.com/collections/29f92179-ca10-4309-a32b-d383d80347c1,29f92179-ca10-4309-a32b-d383d80347c1,Longitudinal profiling of respiratory and systemic immune responses reveals myeloid cell-driven lung inflammation in severe COVID-19,10.1016/j.immuni.2021.03.005,Szabo et al. (2021) Immunity,ce009dc1-ac57-4386-b72f-5c575701c253,c8951cd9-c0fc-43bd-8087-c991cf8130e4,74 years old female - Airway Wash (6 days post-intubation),ce009dc1-ac57-4386-b72f-5c575701c253.h5ad,2834
262,Publication: https://doi.org/10.1016/j.immuni.2022.09.002 Dataset Version: https://datasets.cellxgene.cziscience.com/38f7576c-5337-4377-bded-8b5474620df1.h5ad curated and distributed by CZ CELLxGENE Discover in Collection: https://cellxgene.cziscience.com/collections/02b01703-bf1b-48de-b99a-23bef8cccc81,02b01703-bf1b-48de-b99a-23bef8cccc81,Spatially mapping T cell receptors and transcriptomes,10.1016/j.immuni.2022.09.002,Liu et al. (2022) Immunity,18fd0190-229d-4d2b-8f28-1e40c49c750d,38f7576c-5337-4377-bded-8b5474620df1,"Renal cell carcinoma, post aPD1, lung metastasis Puck_220408_20",18fd0190-229d-4d2b-8f28-1e40c49c750d.h5ad,37563
283,Publication: https://doi.org/10.1016/j.immuni.2021.03.005 Dataset Version: https://datasets.cellxgene.cziscience.com/ab1438c0-9b10-4945-9b11-50c8259ac26b.h5ad curated and distributed by CZ CELLxGENE Discover in Collection: https://cellxgene.cziscience.com/collections/29f92179-ca10-4309-a32b-d383d80347c1,29f92179-ca10-4309-a32b-d383d80347c1,Longitudinal profiling of respiratory and systemic immune responses reveals myeloid cell-driven lung inflammation in severe COVID-19,10.1016/j.immuni.2021.03.005,Szabo et al. (2021) Immunity,731e6380-879f-4b0b-9a1f-2150208852ef,ab1438c0-9b10-4945-9b11-50c8259ac26b,74 years old female - Airway Wash (8 days post-intubation),731e6380-879f-4b0b-9a1f-2150208852ef.h5ad,2065
284,Publication: https://doi.org/10.1016/j.immuni.2021.03.005 Dataset Version: https://datasets.cellxgene.cziscience.com/73722525-6d1f-4f1c-a587-a2774d916dae.h5ad curated and distributed by CZ CELLxGENE Discover in Collection: https://cellxgene.cziscience.com/collections/29f92179-ca10-4309-a32b-d383d80347c1,29f92179-ca10-4309-a32b-d383d80347c1,Longitudinal profiling of respiratory and systemic immune responses reveals myeloid cell-driven lung inflammation in severe COVID-19,10.1016/j.immuni.2021.03.005,Szabo et al. (2021) Immunity,ea786a06-5855-48b7-80d7-0313a21a2044,73722525-6d1f-4f1c-a587-a2774d916dae,66 years old female - Fresh PBMCs (3 days post-intubation),ea786a06-5855-48b7-80d7-0313a21a2044.h5ad,4792
311,Publication: https://doi.org/10.1016/j.cell.2022.11.005 Dataset Version: https://datasets.cellxgene.cziscience.com/8f475df0-9104-46e0-8b30-7dcd0e7758e0.h5ad curated and distributed by CZ CELLxGENE Discover in Collection: https://cellxgene.cziscience.com/collections/2d2e2acd-dade-489f-a2da-6c11aa654028,2d2e2acd-dade-489f-a2da-6c11aa654028,A human fetal lung cell atlas uncovers proximal-distal gradients of differentiation and key regulators of epithelial fates,10.1016/j.cell.2022.11.005,He et al. (2022) Cell,cdefb878-7f00-4b9d-9eda-b3652cfac0c8,8f475df0-9104-46e0-8b30-7dcd0e7758e0,Cilium,cdefb878-7f00-4b9d-9eda-b3652cfac0c8.h5ad,1641
318,Publication: https://doi.org/10.1038/s41588-022-01243-4 Dataset Version: https://datasets.cellxgene.cziscience.com/cf935445-3940-4ef2-96ca-bf32e35fc318.h5ad curated and distributed by CZ CELLxGENE Discover in Collection: https://cellxgene.cziscience.com/collections/c1241244-b22d-483d-875b-75699efb9f3c,c1241244-b22d-483d-875b-75699efb9f3c,A spatially resolved atlas of the human lung characterizes a gland-associated immune niche,10.1038/s41588-022-01243-4,Madissoon et al. (2023) Nat Genet,f6dafdd1-d746-407e-8019-4470e02d4cbd,cf935445-3940-4ef2-96ca-bf32e35fc318,B cells,f6dafdd1-d746-407e-8019-4470e02d4cbd.h5ad,3699
344,Publication: https://doi.org/10.1016/j.cell.2022.11.005 Dataset Version: https://datasets.cellxgene.cziscience.com/6d867c32-1f82-4c88-99a5-b9dbdf51689a.h5ad curated and distributed by CZ CELLxGENE Discover in Collection: https://cellxgene.cziscience.com/collections/2d2e2acd-dade-489f-a2da-6c11aa654028,2d2e2acd-dade-489f-a2da-6c11aa654028,A human fetal lung cell atlas uncovers proximal-distal gradients of differentiation and key regulators of epithelial fates,10.1016/j.cell.2022.11.005,He et al. (2022) Cell,7b3368a5-c1a0-4973-9e75-d95b4150c7da,6d867c32-1f82-4c88-99a5-b9dbdf51689a,B cells,7b3368a5-c1a0-4973-9e75-d95b4150c7da.h5ad,4138
367,Publication: https://doi.org/10.1016/j.immuni.2021.03.005 Dataset Version: https://datasets.cellxgene.cziscience.com/ec195a6c-bf74-4559-ab1c-26be7de84ce6.h5ad curated and distributed by CZ CELLxGENE Discover in Collection: https://cellxgene.cziscience.com/collections/29f92179-ca10-4309-a32b-d383d80347c1,29f92179-ca10-4309-a32b-d383d80347c1,Longitudinal profiling of respiratory and systemic immune responses reveals myeloid cell-driven lung inflammation in severe COVID-19,10.1016/j.immuni.2021.03.005,Szabo et al. (2021) Immunity,51f476f7-b24d-42f3-8871-7dab3fa35e96,ec195a6c-bf74-4559-ab1c-26be7de84ce6,74 years old female - Airway Wash (4 days post-intubation),51f476f7-b24d-42f3-8871-7dab3fa35e96.h5ad,4147
375,Publication: https://doi.org/10.3390/genes15030298 Dataset Version: https://datasets.cellxgene.cziscience.com/5c27e357-4786-46d4-9635-cb7b37cce452.h5ad curated and distributed by CZ CELLxGENE Discover in Collection: https://cellxgene.cziscience.com/collections/28e9d721-6816-48a2-8d0b-43bf0b0c0ebc,28e9d721-6816-48a2-8d0b-43bf0b0c0ebc,Single cell transcriptomic profiling identifies molecular phenotypes of newborn human lung cells,10.3390/genes15030298,Bhattacharya et al. (2024) Genes,6e00ccf7-0749-46ef-a999-dba785630d52,5c27e357-4786-46d4-9635-cb7b37cce452,Single cell transcriptomic profiling identifies molecular phenotypes of newborn human lung cells,6e00ccf7-0749-46ef-a999-dba785630d52.h5ad,5499
378,Publication: https://doi.org/10.1016/j.cell.2022.11.005 Dataset Version: https://datasets.cellxgene.cziscience.com/092bbcfc-7ede-4b54-8676-334bc73bb350.h5ad curated and distributed by CZ CELLxGENE Discover in Collection: https://cellxgene.cziscience.com/collections/2d2e2acd-dade-489f-a2da-6c11aa654028,2d2e2acd-dade-489f-a2da-6c11aa654028,A human fetal lung cell atlas uncovers proximal-distal gradients of differentiation and key regulators of epithelial fates,10.1016/j.cell.2022.11.005,He et al. (2022) Cell,62315937-e268-4fa5-a032-8f7d776f3a3f,092bbcfc-7ede-4b54-8676-334bc73bb350,"T, NK and ILC",62315937-e268-4fa5-a032-8f7d776f3a3f.h5ad,4778
380,Publication: https://doi.org/10.1016/j.immuni.2021.03.005 Dataset Version: https://datasets.cellxgene.cziscience.com/317a633a-b26e-4ae4-8d07-e2af962488b5.h5ad curated and distributed by CZ CELLxGENE Discover in Collection: https://cellxgene.cziscience.com/collections/29f92179-ca10-4309-a32b-d383d80347c1,29f92179-ca10-4309-a32b-d383d80347c1,Longitudinal profiling of respiratory and systemic immune responses reveals myeloid cell-driven lung inflammation in severe COVID-19,10.1016/j.immuni.2021.03.005,Szabo et al. (2021) Immunity,cab0bc48-744c-461b-aaf4-7bf2cb7af00d,317a633a-b26e-4ae4-8d07-e2af962488b5,74 years old female - Fresh PBMCs (4 days post-intubation),cab0bc48-744c-461b-aaf4-7bf2cb7af00d.h5ad,5080
383,Publication: https://doi.org/10.1016/j.immuni.2021.03.005 Dataset Version: https://datasets.cellxgene.cziscience.com/0bb4ac8a-d569-4644-a845-21a19236ed26.h5ad curated and distributed by CZ CELLxGENE Discover in Collection: https://cellxgene.cziscience.com/collections/29f92179-ca10-4309-a32b-d383d80347c1,29f92179-ca10-4309-a32b-d383d80347c1,Longitudinal profiling of respiratory and systemic immune responses reveals myeloid cell-driven lung inflammation in severe COVID-19,10.1016/j.immuni.2021.03.005,Szabo et al. (2021) Immunity,50eb1e23-b8d4-4f76-a184-44e5541fa05a,0bb4ac8a-d569-4644-a845-21a19236ed26,74 years old female - Fresh PBMCs (8 days post-intubation),50eb1e23-b8d4-4f76-a184-44e5541fa05a.h5ad,4755
392,Publication: https://doi.org/10.1038/s41588-022-01243-4 Dataset Version: https://datasets.cellxgene.cziscience.com/d728742c-7392-4a97-a42f-eeeb9f3917f7.h5ad curated and distributed by CZ CELLxGENE Discover in Collection: https://cellxgene.cziscience.com/collections/c1241244-b22d-483d-875b-75699efb9f3c,c1241244-b22d-483d-875b-75699efb9f3c,A spatially resolved atlas of the human lung characterizes a gland-associated immune niche,10.1038/s41588-022-01243-4,Madissoon et al. (2023) Nat Genet,e22c2ab4-c025-4804-b7a3-0b0ebd48c87a,d728742c-7392-4a97-a42f-eeeb9f3917f7,Smooth muscle cells,e22c2ab4-c025-4804-b7a3-0b0ebd48c87a.h5ad,5156
407,Publication: https://doi.org/10.1016/j.immuni.2021.03.005 Dataset Version: https://datasets.cellxgene.cziscience.com/487232f3-b95f-4c73-92d8-e35e90be896e.h5ad curated and distributed by CZ CELLxGENE Discover in Collection: https://cellxgene.cziscience.com/collections/29f92179-ca10-4309-a32b-d383d80347c1,29f92179-ca10-4309-a32b-d383d80347c1,Longitudinal profiling of respiratory and systemic immune responses reveals myeloid cell-driven lung inflammation in severe COVID-19,10.1016/j.immuni.2021.03.005,Szabo et al. (2021) Immunity,01c93cf6-b695-4e30-a26e-121ae8b16a9e,487232f3-b95f-4c73-92d8-e35e90be896e,66 years old female - Fresh PBMCs (7 days post-intubation),01c93cf6-b695-4e30-a26e-121ae8b16a9e.h5ad,3726
408,Publication: https://doi.org/10.1016/j.immuni.2021.03.005 Dataset Version: https://datasets.cellxgene.cziscience.com/a7fcecb8-5f3a-46ed-b208-b3f5767faeea.h5ad curated and distributed by CZ CELLxGENE Discover in Collection: https://cellxgene.cziscience.com/collections/29f92179-ca10-4309-a32b-d383d80347c1,29f92179-ca10-4309-a32b-d383d80347c1,Longitudinal profiling of respiratory and systemic immune responses reveals myeloid cell-driven lung inflammation in severe COVID-19,10.1016/j.immuni.2021.03.005,Szabo et al. (2021) Immunity,73b7d0aa-035f-4a15-9f1d-f56b70204591,a7fcecb8-5f3a-46ed-b208-b3f5767faeea,66 years old female - Airway Wash (7 days post-intubation),73b7d0aa-035f-4a15-9f1d-f56b70204591.h5ad,4594
415,Publication: https://doi.org/10.1016/j.immuni.2021.03.005 Dataset Version: https://datasets.cellxgene.cziscience.com/02839e9d-7573-414d-8b50-d862e3f2068a.h5ad curated and distributed by CZ CELLxGENE Discover in Collection: https://cellxgene.cziscience.com/collections/29f92179-ca10-4309-a32b-d383d80347c1,29f92179-ca10-4309-a32b-d383d80347c1,Longitudinal profiling of respiratory and systemic immune responses reveals myeloid cell-driven lung inflammation in severe COVID-19,10.1016/j.immuni.2021.03.005,Szabo et al. (2021) Immunity,84230ea4-998d-4aa8-8456-81dd54ce23af,02839e9d-7573-414d-8b50-d862e3f2068a,74 years old female - Fresh PBMCs (3 days post-intubation),84230ea4-998d-4aa8-8456-81dd54ce23af.h5ad,5608
420,Publication: https://doi.org/10.1016/j.immuni.2021.03.005 Dataset Version: https://datasets.cellxgene.cziscience.com/e9b2c0bf-b1a5-43a6-a1c6-660ed77932fb.h5ad curated and distributed by CZ CELLxGENE Discover in Collection: https://cellxgene.cziscience.com/collections/29f92179-ca10-4309-a32b-d383d80347c1,29f92179-ca10-4309-a32b-d383d80347c1,Longitudinal profiling of respiratory and systemic immune responses reveals myeloid cell-driven lung inflammation in severe COVID-19,10.1016/j.immuni.2021.03.005,Szabo et al. (2021) Immunity,79ef1959-a6b4-4cac-82ca-30feaec48df1,e9b2c0bf-b1a5-43a6-a1c6-660ed77932fb,74 years old female - Fresh PBMCs (7 days post-intubation),79ef1959-a6b4-4cac-82ca-30feaec48df1.h5ad,4846
421,Publication: https://doi.org/10.1016/j.immuni.2021.03.005 Dataset Version: https://datasets.cellxgene.cziscience.com/5cd83c9d-6468-455e-96f3-cdc7256f9b18.h5ad curated and distributed by CZ CELLxGENE Discover in Collection: https://cellxgene.cziscience.com/collections/29f92179-ca10-4309-a32b-d383d80347c1,29f92179-ca10-4309-a32b-d383d80347c1,Longitudinal profiling of respiratory and systemic immune responses reveals myeloid cell-driven lung inflammation in severe COVID-19,10.1016/j.immuni.2021.03.005,Szabo et al. (2021) Immunity,c874f155-9bf9-4928-b821-f52c876b3e48,5cd83c9d-6468-455e-96f3-cdc7256f9b18,49 years old male - Fresh PBMCs (1 day post-intubation),c874f155-9bf9-4928-b821-f52c876b3e48.h5ad,4603
442,Publication: https://doi.org/10.1016/j.immuni.2021.03.005 Dataset Version: https://datasets.cellxgene.cziscience.com/6ad96146-843a-41ce-a568-1bcf6fcfc67a.h5ad curated and distributed by CZ CELLxGENE Discover in Collection: https://cellxgene.cziscience.com/collections/29f92179-ca10-4309-a32b-d383d80347c1,29f92179-ca10-4309-a32b-d383d80347c1,Longitudinal profiling of respiratory and systemic immune responses reveals myeloid cell-driven lung inflammation in severe COVID-19,10.1016/j.immuni.2021.03.005,Szabo et al. (2021) Immunity,ed9e9f96-4f08-49d2-bef5-b2c29adf3edc,6ad96146-843a-41ce-a568-1bcf6fcfc67a,66 years old female - Fresh PBMCs (4 days post-intubation),ed9e9f96-4f08-49d2-bef5-b2c29adf3edc.h5ad,5696
473,Publication: https://doi.org/10.1016/j.immuni.2021.03.005 Dataset Version: https://datasets.cellxgene.cziscience.com/7935ace4-7a93-4f91-9cd4-371877aec33a.h5ad curated and distributed by CZ CELLxGENE Discover in Collection: https://cellxgene.cziscience.com/collections/29f92179-ca10-4309-a32b-d383d80347c1,29f92179-ca10-4309-a32b-d383d80347c1,Longitudinal profiling of respiratory and systemic immune responses reveals myeloid cell-driven lung inflammation in severe COVID-19,10.1016/j.immuni.2021.03.005,Szabo et al. (2021) Immunity,2f7230e7-4706-4924-b571-473fc1e52c30,7935ace4-7a93-4f91-9cd4-371877aec33a,74 years old female - Airway Wash (1 day post-intubation),2f7230e7-4706-4924-b571-473fc1e52c30.h5ad,4651
478,Publication: https://doi.org/10.1016/j.cell.2022.11.005 Dataset Version: https://datasets.cellxgene.cziscience.com/a013b199-f162-4f78-9a45-f616678c3623.h5ad curated and distributed by CZ CELLxGENE Discover in Collection: https://cellxgene.cziscience.com/collections/2d2e2acd-dade-489f-a2da-6c11aa654028,2d2e2acd-dade-489f-a2da-6c11aa654028,A human fetal lung cell atlas uncovers proximal-distal gradients of differentiation and key regulators of epithelial fates,10.1016/j.cell.2022.11.005,He et al. (2022) Cell,810ac45f-8969-4698-b42c-652f802f75c2,a013b199-f162-4f78-9a45-f616678c3623,Endothelium,810ac45f-8969-4698-b42c-652f802f75c2.h5ad,5467
481,Publication: https://doi.org/10.1016/j.immuni.2021.03.005 Dataset Version: https://datasets.cellxgene.cziscience.com/68fe88bf-3b86-4ec6-81c7-734ff3020153.h5ad curated and distributed by CZ CELLxGENE Discover in Collection: https://cellxgene.cziscience.com/collections/29f92179-ca10-4309-a32b-d383d80347c1,29f92179-ca10-4309-a32b-d383d80347c1,Longitudinal profiling of respiratory and systemic immune responses reveals myeloid cell-driven lung inflammation in severe COVID-19,10.1016/j.immuni.2021.03.005,Szabo et al. (2021) Immunity,881fe679-c6e0-45a3-9427-c4e81be6921f,68fe88bf-3b86-4ec6-81c7-734ff3020153,66 years old female - Fresh PBMCs (2 days post-intubation),881fe679-c6e0-45a3-9427-c4e81be6921f.h5ad,7097
508,Publication: https://doi.org/10.1016/j.immuni.2021.03.005 Dataset Version: https://datasets.cellxgene.cziscience.com/c62d5199-a6e5-4d8a-b3b2-648b033fc6a1.h5ad curated and distributed by CZ CELLxGENE Discover in Collection: https://cellxgene.cziscience.com/collections/29f92179-ca10-4309-a32b-d383d80347c1,29f92179-ca10-4309-a32b-d383d80347c1,Longitudinal profiling of respiratory and systemic immune responses reveals myeloid cell-driven lung inflammation in severe COVID-19,10.1016/j.immuni.2021.03.005,Szabo et al. (2021) Immunity,f156606a-dd9a-49fd-bc40-0e069b6cf07c,c62d5199-a6e5-4d8a-b3b2-648b033fc6a1,49 years old male - Airway Wash (2 days post-intubation),f156606a-dd9a-49fd-bc40-0e069b6cf07c.h5ad,9852
524,Publication: https://doi.org/10.1016/j.immuni.2021.03.005 Dataset Version: https://datasets.cellxgene.cziscience.com/a5fd890d-4680-4c55-8403-dc1ebdfab656.h5ad curated and distributed by CZ CELLxGENE Discover in Collection: https://cellxgene.cziscience.com/collections/29f92179-ca10-4309-a32b-d383d80347c1,29f92179-ca10-4309-a32b-d383d80347c1,Longitudinal profiling of respiratory and systemic immune responses reveals myeloid cell-driven lung inflammation in severe COVID-19,10.1016/j.immuni.2021.03.005,Szabo et al. (2021) Immunity,bd3e3487-c1e6-4298-b9de-8bdcf3f938d7,a5fd890d-4680-4c55-8403-dc1ebdfab656,66 years old female - Airway Wash (2 days post-intubation),bd3e3487-c1e6-4298-b9de-8bdcf3f938d7.h5ad,7025
528,Publication: https://doi.org/10.1016/j.cell.2022.11.005 Dataset Version: https://datasets.cellxgene.cziscience.com/e84254b5-8eb9-4b41-b9d4-b8e6ceb273eb.h5ad curated and distributed by CZ CELLxGENE Discover in Collection: https://cellxgene.cziscience.com/collections/2d2e2acd-dade-489f-a2da-6c11aa654028,2d2e2acd-dade-489f-a2da-6c11aa654028,A human fetal lung cell atlas uncovers proximal-distal gradients of differentiation and key regulators of epithelial fates,10.1016/j.cell.2022.11.005,He et al. (2022) Cell,0ba16f4b-cb87-4fa3-9363-19fc51eec6e7,e84254b5-8eb9-4b41-b9d4-b8e6ceb273eb,Myeloid,0ba16f4b-cb87-4fa3-9363-19fc51eec6e7.h5ad,6947
530,Publication: https://doi.org/10.1016/j.immuni.2021.03.005 Dataset Version: https://datasets.cellxgene.cziscience.com/67d1dbaa-5141-4cf8-b8ce-c37b06dc86f7.h5ad curated and distributed by CZ CELLxGENE Discover in Collection: https://cellxgene.cziscience.com/collections/29f92179-ca10-4309-a32b-d383d80347c1,29f92179-ca10-4309-a32b-d383d80347c1,Longitudinal profiling of respiratory and systemic immune responses reveals myeloid cell-driven lung inflammation in severe COVID-19,10.1016/j.immuni.2021.03.005,Szabo et al. (2021) Immunity,492d9f77-c4c8-485d-92d7-7686fe6c8482,67d1dbaa-5141-4cf8-b8ce-c37b06dc86f7,74 years old female - Airway Wash (3 days post-intubation),492d9f77-c4c8-485d-92d7-7686fe6c8482.h5ad,5834
589,Publication: https://doi.org/10.1038/s41586-020-2496-1 Dataset Version: https://datasets.cellxgene.cziscience.com/5f566cc5-2818-4d5e-bb70-1d8c55f0570b.h5ad curated and distributed by CZ CELLxGENE Discover in Collection: https://cellxgene.cziscience.com/collections/0b9d8a04-bb9d-44da-aa27-705bb65b54eb,0b9d8a04-bb9d-44da-aa27-705bb65b54eb,Tabula Muris Senis,10.1038/s41586-020-2496-1,The Tabula Muris Consortium et al. (2020) Nature,05e6f6e3-0473-4b85-9f94-bcc5f1b5e04b,5f566cc5-2818-4d5e-bb70-1d8c55f0570b,Lung - A single-cell transcriptomic atlas characterizes ageing tissues in the mouse - Smart-seq2,05e6f6e3-0473-4b85-9f94-bcc5f1b5e04b.h5ad,5218
629,Publication: https://doi.org/10.1016/j.immuni.2021.03.005 Dataset Version: https://datasets.cellxgene.cziscience.com/e6233e9b-74fb-43da-b33a-15d1f8b52810.h5ad curated and distributed by CZ CELLxGENE Discover in Collection: https://cellxgene.cziscience.com/collections/29f92179-ca10-4309-a32b-d383d80347c1,29f92179-ca10-4309-a32b-d383d80347c1,Longitudinal profiling of respiratory and systemic immune responses reveals myeloid cell-driven lung inflammation in severe COVID-19,10.1016/j.immuni.2021.03.005,Szabo et al. (2021) Immunity,db59611b-42de-4035-93aa-1ed39f38b467,e6233e9b-74fb-43da-b33a-15d1f8b52810,49 years old male - Fresh PBMCs (2 days post-intubation),db59611b-42de-4035-93aa-1ed39f38b467.h5ad,11574
638,Publication: https://doi.org/10.1016/j.immuni.2021.03.005 Dataset Version: https://datasets.cellxgene.cziscience.com/15496cc3-fd95-4b8a-adbd-10ff93359bf8.h5ad curated and distributed by CZ CELLxGENE Discover in Collection: https://cellxgene.cziscience.com/collections/29f92179-ca10-4309-a32b-d383d80347c1,29f92179-ca10-4309-a32b-d383d80347c1,Longitudinal profiling of respiratory and systemic immune responses reveals myeloid cell-driven lung inflammation in severe COVID-19,10.1016/j.immuni.2021.03.005,Szabo et al. (2021) Immunity,eeacb0c1-2217-4cf6-b8ce-1f0fedf1b569,15496cc3-fd95-4b8a-adbd-10ff93359bf8,49 years old male - Fresh PBMCs (3 days post-intubation),eeacb0c1-2217-4cf6-b8ce-1f0fedf1b569.h5ad,9337
675,Publication: https://doi.org/10.1038/s41588-022-01243-4 Dataset Version: https://datasets.cellxgene.cziscience.com/d181dce8-5a58-42f5-9de3-8eb3c726b44a.h5ad curated and distributed by CZ CELLxGENE Discover in Collection: https://cellxgene.cziscience.com/collections/c1241244-b22d-483d-875b-75699efb9f3c,c1241244-b22d-483d-875b-75699efb9f3c,A spatially resolved atlas of the human lung characterizes a gland-associated immune niche,10.1038/s41588-022-01243-4,Madissoon et al. (2023) Nat Genet,b3d060c6-bbd7-4db0-9ef7-9df42475875a,d181dce8-5a58-42f5-9de3-8eb3c726b44a,Lymphoid cells,b3d060c6-bbd7-4db0-9ef7-9df42475875a.h5ad,37502
774,Publication: https://doi.org/10.1016/j.cell.2022.11.005 Dataset Version: https://datasets.cellxgene.cziscience.com/6f62b874-6776-4834-b674-1cc9e80fc1da.h5ad curated and distributed by CZ CELLxGENE Discover in Collection: https://cellxgene.cziscience.com/collections/2d2e2acd-dade-489f-a2da-6c11aa654028,2d2e2acd-dade-489f-a2da-6c11aa654028,A human fetal lung cell atlas uncovers proximal-distal gradients of differentiation and key regulators of epithelial fates,10.1016/j.cell.2022.11.005,He et al. (2022) Cell,e8a11a27-9c47-4673-b65d-11b9cd6065e1,6f62b874-6776-4834-b674-1cc9e80fc1da,Epithelium (no cilium),e8a11a27-9c47-4673-b65d-11b9cd6065e1.h5ad,9096
776,Publication: https://doi.org/10.1016/j.cell.2022.11.005 Dataset Version: https://datasets.cellxgene.cziscience.com/7b14a2b1-28b7-42c6-ab11-465700f5d007.h5ad curated and distributed by CZ CELLxGENE Discover in Collection: https://cellxgene.cziscience.com/collections/2d2e2acd-dade-489f-a2da-6c11aa654028,2d2e2acd-dade-489f-a2da-6c11aa654028,A human fetal lung cell atlas uncovers proximal-distal gradients of differentiation and key regulators of epithelial fates,10.1016/j.cell.2022.11.005,He et al. (2022) Cell,1c6f271e-dfc0-48b5-8fb4-65d297a7666c,7b14a2b1-28b7-42c6-ab11-465700f5d007,pcw12_6332STDY9479170,1c6f271e-dfc0-48b5-8fb4-65d297a7666c.h5ad,4992
781,Publication: https://doi.org/10.1016/j.cell.2022.11.005 Dataset Version: https://datasets.cellxgene.cziscience.com/08115e1b-3315-4ea9-b72f-f152f7a102ab.h5ad curated and distributed by CZ CELLxGENE Discover in Collection: https://cellxgene.cziscience.com/collections/2d2e2acd-dade-489f-a2da-6c11aa654028,2d2e2acd-dade-489f-a2da-6c11aa654028,A human fetal lung cell atlas uncovers proximal-distal gradients of differentiation and key regulators of epithelial fates,10.1016/j.cell.2022.11.005,He et al. (2022) Cell,e887bd14-bb23-48ed-9616-aa3f9b11c446,08115e1b-3315-4ea9-b72f-f152f7a102ab,pcw12_6332STDY9479166,e887bd14-bb23-48ed-9616-aa3f9b11c446.h5ad,4992
795,Publication: https://doi.org/10.1016/j.cell.2022.11.005 Dataset Version: https://datasets.cellxgene.cziscience.com/2af1aab1-f66b-4473-86e3-9b752adfd007.h5ad curated and distributed by CZ CELLxGENE Discover in Collection: https://cellxgene.cziscience.com/collections/2d2e2acd-dade-489f-a2da-6c11aa654028,2d2e2acd-dade-489f-a2da-6c11aa654028,A human fetal lung cell atlas uncovers proximal-distal gradients of differentiation and key regulators of epithelial fates,10.1016/j.cell.2022.11.005,He et al. (2022) Cell,56139b1e-9fc5-4aab-9058-0102bc7cc74a,2af1aab1-f66b-4473-86e3-9b752adfd007,pcw14_6332STDY9479171,56139b1e-9fc5-4aab-9058-0102bc7cc74a.h5ad,4992
796,Publication: https://doi.org/10.1038/s44318-024-00328-6 Dataset Version: https://datasets.cellxgene.cziscience.com/26b855fd-b7a1-4f99-8767-4761f9c4b60e.h5ad curated and distributed by CZ CELLxGENE Discover in Collection: https://cellxgene.cziscience.com/collections/92db8a7e-8761-4317-873f-15606c016ce5,92db8a7e-8761-4317-873f-15606c016ce5,A novel human fetal lung-derived alveolar organoid model reveals mechanisms of surfactant protein C maturation relevant to interstitial lung disease,10.1038/s44318-024-00328-6,Lim et al. (2025) EMBO J,781cc817-3fd0-487c-a55a-b47b2786a05d,26b855fd-b7a1-4f99-8767-4761f9c4b60e,organoid,781cc817-3fd0-487c-a55a-b47b2786a05d.h5ad,9619
806,Publication: https://doi.org/10.1038/s41586-020-2922-4 Dataset Version: https://datasets.cellxgene.cziscience.com/c88e0403-da93-40f4-99b5-f5fdeb81a82c.h5ad curated and distributed by CZ CELLxGENE Discover in Collection: https://cellxgene.cziscience.com/collections/5d445965-6f1a-4b68-ba3a-b8f765155d3a,5d445965-6f1a-4b68-ba3a-b8f765155d3a,A molecular cell atlas of the human lung from single cell RNA sequencing,10.1038/s41586-020-2922-4,Travaglini et al. (2020) Nature,e04daea4-4412-45b5-989e-76a9be070a89,c88e0403-da93-40f4-99b5-f5fdeb81a82c,"Krasnow Lab Human Lung Cell Atlas, Smart-seq2",e04daea4-4412-45b5-989e-76a9be070a89.h5ad,9409
825,Publication: https://doi.org/10.1038/s41588-022-01243-4 Dataset Version: https://datasets.cellxgene.cziscience.com/449b3486-c0d9-4a0b-9fd1-0510512b6fec.h5ad curated and distributed by CZ CELLxGENE Discover in Collection: https://cellxgene.cziscience.com/collections/c1241244-b22d-483d-875b-75699efb9f3c,c1241244-b22d-483d-875b-75699efb9f3c,A spatially resolved atlas of the human lung characterizes a gland-associated immune niche,10.1038/s41588-022-01243-4,Madissoon et al. (2023) Nat Genet,4ebcbeeb-2208-4d30-acb2-8142a5201814,449b3486-c0d9-4a0b-9fd1-0510512b6fec,Vascular endothelial cells,4ebcbeeb-2208-4d30-acb2-8142a5201814.h5ad,20855
826,Publication: https://doi.org/10.1126/sciimmunol.adf9988 Dataset Version: https://datasets.cellxgene.cziscience.com/3a09b479-2bf8-4bfc-a60f-feedaa36b2e9.h5ad curated and distributed by CZ CELLxGENE Discover in Collection: https://cellxgene.cziscience.com/collections/ec329aed-22bc-4d6e-8935-8282dcb1acac,ec329aed-22bc-4d6e-8935-8282dcb1acac,Early human lung immune cell development and its role in epithelial cell fate,10.1126/sciimmunol.adf9988,Barnes et al. (2023) Sci. Immunol.,8dc858b0-b076-4326-94bb-7c2d1cd721a3,3a09b479-2bf8-4bfc-a60f-feedaa36b2e9,organoid,8dc858b0-b076-4326-94bb-7c2d1cd721a3.h5ad,8556
835,Publication: https://doi.org/10.1016/j.cell.2022.11.005 Dataset Version: https://datasets.cellxgene.cziscience.com/9c15142d-5354-45c4-b669-4d556de197bf.h5ad curated and distributed by CZ CELLxGENE Discover in Collection: https://cellxgene.cziscience.com/collections/2d2e2acd-dade-489f-a2da-6c11aa654028,2d2e2acd-dade-489f-a2da-6c11aa654028,A human fetal lung cell atlas uncovers proximal-distal gradients of differentiation and key regulators of epithelial fates,10.1016/j.cell.2022.11.005,He et al. (2022) Cell,ae4817c0-7951-443d-b3b9-45b6b88986bd,9c15142d-5354-45c4-b669-4d556de197bf,pcw14_6332STDY9479167,ae4817c0-7951-443d-b3b9-45b6b88986bd.h5ad,4992
902,Publication: https://doi.org/10.1038/s41588-022-01243-4 Dataset Version: https://datasets.cellxgene.cziscience.com/c5ad29ac-1c83-42ee-8cac-47253ceb4cb4.h5ad curated and distributed by CZ CELLxGENE Discover in Collection: https://cellxgene.cziscience.com/collections/c1241244-b22d-483d-875b-75699efb9f3c,c1241244-b22d-483d-875b-75699efb9f3c,A spatially resolved atlas of the human lung characterizes a gland-associated immune niche,10.1038/s41588-022-01243-4,Madissoon et al. (2023) Nat Genet,5944834b-e31e-4955-942a-731d75e39385,c5ad29ac-1c83-42ee-8cac-47253ceb4cb4,WSA_LngSP9258463,5944834b-e31e-4955-942a-731d75e39385.h5ad,4992
913,Publication: https://doi.org/10.1038/s41588-022-01243-4 Dataset Version: https://datasets.cellxgene.cziscience.com/e7a52d2f-2726-463f-a298-76e661e80b24.h5ad curated and distributed by CZ CELLxGENE Discover in Collection: https://cellxgene.cziscience.com/collections/c1241244-b22d-483d-875b-75699efb9f3c,c1241244-b22d-483d-875b-75699efb9f3c,A spatially resolved atlas of the human lung characterizes a gland-associated immune niche,10.1038/s41588-022-01243-4,Madissoon et al. (2023) Nat Genet,e871881f-b42d-4500-906d-0972a14ba47d,e7a52d2f-2726-463f-a298-76e661e80b24,Fibroblasts,e871881f-b42d-4500-906d-0972a14ba47d.h5ad,20515
924,Publication: https://doi.org/10.1038/s41588-022-01243-4 Dataset Version: https://datasets.cellxgene.cziscience.com/d481e701-a12b-4930-bfeb-3e45e777e82d.h5ad curated and distributed by CZ CELLxGENE Discover in Collection: https://cellxgene.cziscience.com/collections/c1241244-b22d-483d-875b-75699efb9f3c,c1241244-b22d-483d-875b-75699efb9f3c,A spatially resolved atlas of the human lung characterizes a gland-associated immune niche,10.1038/s41588-022-01243-4,Madissoon et al. (2023) Nat Genet,44c9d3fd-bbde-45a5-a17c-db37a75bf697,d481e701-a12b-4930-bfeb-3e45e777e82d,WSA_LngSP10972074,44c9d3fd-bbde-45a5-a17c-db37a75bf697.h5ad,4992
935,Publication: https://doi.org/10.1038/s41588-022-01243-4 Dataset Version: https://datasets.cellxgene.cziscience.com/8aea0f49-8347-4b67-a013-8181a60f60e7.h5ad curated and distributed by CZ CELLxGENE Discover in Collection: https://cellxgene.cziscience.com/collections/c1241244-b22d-483d-875b-75699efb9f3c,c1241244-b22d-483d-875b-75699efb9f3c,A spatially resolved atlas of the human lung characterizes a gland-associated immune niche,10.1038/s41588-022-01243-4,Madissoon et al. (2023) Nat Genet,987185c0-e092-49fb-935a-cc3fa0d084ca,8aea0f49-8347-4b67-a013-8181a60f60e7,WSA_LngSP9258467,987185c0-e092-49fb-935a-cc3fa0d084ca.h5ad,4992
960,Publication: https://doi.org/10.1038/s41588-022-01243-4 Dataset Version: https://datasets.cellxgene.cziscience.com/9522954c-6f68-422f-898b-d8919c40387c.h5ad curated and distributed by CZ CELLxGENE Discover in Collection: https://cellxgene.cziscience.com/collections/c1241244-b22d-483d-875b-75699efb9f3c,c1241244-b22d-483d-875b-75699efb9f3c,A spatially resolved atlas of the human lung characterizes a gland-associated immune niche,10.1038/s41588-022-01243-4,Madissoon et al. (2023) Nat Genet,853c4415-9820-4377-ae29-cfe61d72fbd1,9522954c-6f68-422f-898b-d8919c40387c,WSA_LngSP10972075,853c4415-9820-4377-ae29-cfe61d72fbd1.h5ad,4992
972,Publication: https://doi.org/10.1016/j.stem.2022.11.013 Dataset Version: https://datasets.cellxgene.cziscience.com/6e752091-e998-43bc-a9c0-729d79698cb6.h5ad curated and distributed by CZ CELLxGENE Discover in Collection: https://cellxgene.cziscience.com/collections/2d42fb2f-e635-466e-a2f4-9ea34f2e0feb,2d42fb2f-e635-466e-a2f4-9ea34f2e0feb,Organoid modeling of human fetal lung alveolar development reveals mechanisms of cell fate patterning and neonatal respiratory disease,10.1016/j.stem.2022.11.013,Lim et al. (2023) Cell Stem Cell,43a1506b-aa9e-46a3-b288-d210f4595ddf,6e752091-e998-43bc-a9c0-729d79698cb6,Late tip organoid,43a1506b-aa9e-46a3-b288-d210f4595ddf.h5ad,20475
989,Publication: https://doi.org/10.1038/s41586-020-2496-1 Dataset Version: https://datasets.cellxgene.cziscience.com/b65b771c-baae-4b03-befc-3db63e6b9fd0.h5ad curated and distributed by CZ CELLxGENE Discover in Collection: https://cellxgene.cziscience.com/collections/0b9d8a04-bb9d-44da-aa27-705bb65b54eb,0b9d8a04-bb9d-44da-aa27-705bb65b54eb,Tabula Muris Senis,10.1038/s41586-020-2496-1,The Tabula Muris Consortium et al. (2020) Nature,0fb7916e-7a68-4a4c-a441-3ab3989f29a7,b65b771c-baae-4b03-befc-3db63e6b9fd0,Lung - A single-cell transcriptomic atlas characterizes ageing tissues in the mouse - 10x,0fb7916e-7a68-4a4c-a441-3ab3989f29a7.h5ad,24540
1019,Publication: https://doi.org/10.1016/j.ccell.2021.09.008 Dataset Version: https://datasets.cellxgene.cziscience.com/0cebdf9d-4601-4d10-843e-9e415e89b3ab.h5ad curated and distributed by CZ CELLxGENE Discover in Collection: https://cellxgene.cziscience.com/collections/62e8f058-9c37-48bc-9200-e767f318a8ec,62e8f058-9c37-48bc-9200-e767f318a8ec,HTAN MSK - Single cell profiling reveals novel tumor and myeloid subpopulations in small cell lung cancer,10.1016/j.ccell.2021.09.008,Chan et al. (2021) Cancer Cell,d224c8e0-c28e-4360-9e42-b3977cd83f9f,0cebdf9d-4601-4d10-843e-9e415e89b3ab,Mesenchymal cells,d224c8e0-c28e-4360-9e42-b3977cd83f9f.h5ad,8030
1030,Publication: https://doi.org/10.7554/eLife.62522 Dataset Version: https://datasets.cellxgene.cziscience.com/b1ba366b-d63b-4fdb-8bc6-c3c27dc3bd89.h5ad curated and distributed by CZ CELLxGENE Discover in Collection: https://cellxgene.cziscience.com/collections/625f6bf4-2f33-4942-962e-35243d284837,625f6bf4-2f33-4942-962e-35243d284837,LungMAP — Human data from a broad age healthy donor group,10.7554/eLife.62522,Wang et al. (2020) eLife,3de0ad6d-4378-4f62-b37b-ec0b75a50d94,b1ba366b-d63b-4fdb-8bc6-c3c27dc3bd89,Single-cell multiomic profiling of human lungs across age groups,3de0ad6d-4378-4f62-b37b-ec0b75a50d94.h5ad,46500
1032,Publication: https://doi.org/10.1016/j.ccell.2021.09.008 Dataset Version: https://datasets.cellxgene.cziscience.com/ec7ff59e-1e59-4789-9635-1f41e1789ac5.h5ad curated and distributed by CZ CELLxGENE Discover in Collection: https://cellxgene.cziscience.com/collections/62e8f058-9c37-48bc-9200-e767f318a8ec,62e8f058-9c37-48bc-9200-e767f318a8ec,HTAN MSK - Single cell profiling reveals novel tumor and myeloid subpopulations in small cell lung cancer,10.1016/j.ccell.2021.09.008,Chan et al. (2021) Cancer Cell,b47cf863-d90d-4fe5-a1eb-1a4785a3e329,ec7ff59e-1e59-4789-9635-1f41e1789ac5,Myeloid SCLC samples only,b47cf863-d90d-4fe5-a1eb-1a4785a3e329.h5ad,2951
1039,Publication: https://doi.org/10.15252/embj.20105114 Dataset Version: https://datasets.cellxgene.cziscience.com/667f3b2e-c7fd-49a6-a1a4-79999f1d46ad.h5ad curated and distributed by CZ CELLxGENE Discover in Collection: https://cellxgene.cziscience.com/collections/6ff3401b-d72c-4940-a00c-3f0792397082,6ff3401b-d72c-4940-a00c-3f0792397082,SARS-CoV-2 receptor ACE2 and TMPRSS2 are primarily expressed in bronchial transient secretory cells,10.15252/embj.20105114,Lukassen et al. (2020) The EMBO Journal,2f132ec9-24b5-422f-9be0-ccef03b4fe28,667f3b2e-c7fd-49a6-a1a4-79999f1d46ad,Lung,2f132ec9-24b5-422f-9be0-ccef03b4fe28.h5ad,39778
1080,Publication: https://doi.org/10.1016/j.cell.2022.11.005 Dataset Version: https://datasets.cellxgene.cziscience.com/754aabd7-eb95-4f26-a62d-e31badc51dec.h5ad curated and distributed by CZ CELLxGENE Discover in Collection: https://cellxgene.cziscience.com/collections/2d2e2acd-dade-489f-a2da-6c11aa654028,2d2e2acd-dade-489f-a2da-6c11aa654028,A human fetal lung cell atlas uncovers proximal-distal gradients of differentiation and key regulators of epithelial fates,10.1016/j.cell.2022.11.005,He et al. (2022) Cell,0c3901c3-2ef7-44e4-80cb-b281ea2b0de9,754aabd7-eb95-4f26-a62d-e31badc51dec,pcw17_6332STDY9479169,0c3901c3-2ef7-44e4-80cb-b281ea2b0de9.h5ad,4992
1082,Publication: https://doi.org/10.1038/s41588-022-01243-4 Dataset Version: https://datasets.cellxgene.cziscience.com/d20dc819-8352-4f16-a6f1-721f9289fbff.h5ad curated and distributed by CZ CELLxGENE Discover in Collection: https://cellxgene.cziscience.com/collections/c1241244-b22d-483d-875b-75699efb9f3c,c1241244-b22d-483d-875b-75699efb9f3c,A spatially resolved atlas of the human lung characterizes a gland-associated immune niche,10.1038/s41588-022-01243-4,Madissoon et al. (2023) Nat Genet,8cd27ec2-250d-482d-8cab-8dc17e017e09,d20dc819-8352-4f16-a6f1-721f9289fbff,WSA_LngSP10972073,8cd27ec2-250d-482d-8cab-8dc17e017e09.h5ad,4992
1109,Publication: https://doi.org/10.1016/j.cell.2022.11.005 Dataset Version: https://datasets.cellxgene.cziscience.com/ffc60383-17e8-4d42-a142-d7f2d6fe2261.h5ad curated and distributed by CZ CELLxGENE Discover in Collection: https://cellxgene.cziscience.com/collections/2d2e2acd-dade-489f-a2da-6c11aa654028,2d2e2acd-dade-489f-a2da-6c11aa654028,A human fetal lung cell atlas uncovers proximal-distal gradients of differentiation and key regulators of epithelial fates,10.1016/j.cell.2022.11.005,He et al. (2022) Cell,a6529751-6e49-4e86-93d3-ec03fcd551dc,ffc60383-17e8-4d42-a142-d7f2d6fe2261,pcw17_6332STDY9479173,a6529751-6e49-4e86-93d3-ec03fcd551dc.h5ad,4992
1113,Publication: https://doi.org/10.1016/j.cell.2022.11.005 Dataset Version: https://datasets.cellxgene.cziscience.com/19cf506a-40f0-4b00-90e5-5e3586f7241f.h5ad curated and distributed by CZ CELLxGENE Discover in Collection: https://cellxgene.cziscience.com/collections/2d2e2acd-dade-489f-a2da-6c11aa654028,2d2e2acd-dade-489f-a2da-6c11aa654028,A human fetal lung cell atlas uncovers proximal-distal gradients of differentiation and key regulators of epithelial fates,10.1016/j.cell.2022.11.005,He et al. (2022) Cell,dc522d04-8e07-4e07-91a4-dd6da72ad25c,19cf506a-40f0-4b00-90e5-5e3586f7241f,pcw16_6332STDY9479172,dc522d04-8e07-4e07-91a4-dd6da72ad25c.h5ad,4992
1114,Publication: https://doi.org/10.1038/s41588-022-01243-4 Dataset Version: https://datasets.cellxgene.cziscience.com/216e6f69-b46a-475f-a25c-40d091c317cd.h5ad curated and distributed by CZ CELLxGENE Discover in Collection: https://cellxgene.cziscience.com/collections/c1241244-b22d-483d-875b-75699efb9f3c,c1241244-b22d-483d-875b-75699efb9f3c,A spatially resolved atlas of the human lung characterizes a gland-associated immune niche,10.1038/s41588-022-01243-4,Madissoon et al. (2023) Nat Genet,728a6902-8916-47a1-b85a-ba1c922d56b7,216e6f69-b46a-475f-a25c-40d091c317cd,WSA_LngSP8759313,728a6902-8916-47a1-b85a-ba1c922d56b7.h5ad,4992
1117,Publication: https://doi.org/10.1186/s13059-019-1906-x Dataset Version: https://datasets.cellxgene.cziscience.com/5f462e5e-0e6e-45ff-84e5-d18fea2ee7d6.h5ad curated and distributed by CZ CELLxGENE Discover in Collection: https://cellxgene.cziscience.com/collections/4d74781b-8186-4c9a-b659-ff4dc4601d91,4d74781b-8186-4c9a-b659-ff4dc4601d91,"scRNA-seq assessment of the human lung, spleen, and esophagus tissue stability after cold preservation",10.1186/s13059-019-1906-x,Madissoon et al. (2020) Genome Biol,2672b679-8048-4f5e-9786-f1b196ccfd08,5f462e5e-0e6e-45ff-84e5-d18fea2ee7d6,Lung Parenchyma,2672b679-8048-4f5e-9786-f1b196ccfd08.h5ad,57019
1134,Publication: https://doi.org/10.1186/s13059-019-1906-x Dataset Version: https://datasets.cellxgene.cziscience.com/846e62cb-ff85-45bc-b551-0c46f174636e.h5ad curated and distributed by CZ CELLxGENE Discover in Collection: https://cellxgene.cziscience.com/collections/4d74781b-8186-4c9a-b659-ff4dc4601d91,4d74781b-8186-4c9a-b659-ff4dc4601d91,"scRNA-seq assessment of the human lung, spleen, and esophagus tissue stability after cold preservation",10.1186/s13059-019-1906-x,Madissoon et al. (2020) Genome Biol,644a578d-ffdc-446b-9679-e7ab4c919c13,846e62cb-ff85-45bc-b551-0c46f174636e,Spleen,644a578d-ffdc-446b-9679-e7ab4c919c13.h5ad,94256
1136,Publication: https://doi.org/10.1038/s41588-022-01243-4 Dataset Version: https://datasets.cellxgene.cziscience.com/caab38cc-5594-445e-b361-df96bad0223f.h5ad curated and distributed by CZ CELLxGENE Discover in Collection: https://cellxgene.cziscience.com/collections/c1241244-b22d-483d-875b-75699efb9f3c,c1241244-b22d-483d-875b-75699efb9f3c,A spatially resolved atlas of the human lung characterizes a gland-associated immune niche,10.1038/s41588-022-01243-4,Madissoon et al. (2023) Nat Genet,2c3621b8-1870-4e06-b169-252ab243118d,caab38cc-5594-445e-b361-df96bad0223f,WSA_LngSP8759311,2c3621b8-1870-4e06-b169-252ab243118d.h5ad,4992
1137,Publication: https://doi.org/10.1038/s41588-022-01243-4 Dataset Version: https://datasets.cellxgene.cziscience.com/9ed3a513-805b-405e-ab01-91e24a853a60.h5ad curated and distributed by CZ CELLxGENE Discover in Collection: https://cellxgene.cziscience.com/collections/c1241244-b22d-483d-875b-75699efb9f3c,c1241244-b22d-483d-875b-75699efb9f3c,A spatially resolved atlas of the human lung characterizes a gland-associated immune niche,10.1038/s41588-022-01243-4,Madissoon et al. (2023) Nat Genet,a83dd1a9-d689-486b-aa8a-5036bf9d5816,9ed3a513-805b-405e-ab01-91e24a853a60,WSA_LngSP10972072,a83dd1a9-d689-486b-aa8a-5036bf9d5816.h5ad,4992
1141,Publication: https://doi.org/10.1038/s41588-022-01243-4 Dataset Version: https://datasets.cellxgene.cziscience.com/315e2c38-a9f0-43bc-8d6c-470f520b948d.h5ad curated and distributed by CZ CELLxGENE Discover in Collection: https://cellxgene.cziscience.com/collections/c1241244-b22d-483d-875b-75699efb9f3c,c1241244-b22d-483d-875b-75699efb9f3c,A spatially resolved atlas of the human lung characterizes a gland-associated immune niche,10.1038/s41588-022-01243-4,Madissoon et al. (2023) Nat Genet,0e9d47fb-89b1-42d8-b426-2c7630b5f5fa,315e2c38-a9f0-43bc-8d6c-470f520b948d,Airway epithelial cells,0e9d47fb-89b1-42d8-b426-2c7630b5f5fa.h5ad,29505
1144,Publication: https://doi.org/10.1016/j.ccell.2021.09.008 Dataset Version: https://datasets.cellxgene.cziscience.com/7de57b59-cfe7-4600-aedb-bab372db4d63.h5ad curated and distributed by CZ CELLxGENE Discover in Collection: https://cellxgene.cziscience.com/collections/62e8f058-9c37-48bc-9200-e767f318a8ec,62e8f058-9c37-48bc-9200-e767f318a8ec,HTAN MSK - Single cell profiling reveals novel tumor and myeloid subpopulations in small cell lung cancer,10.1016/j.ccell.2021.09.008,Chan et al. (2021) Cancer Cell,d4cfefa0-3a35-44eb-b848-d7a725b481e7,7de57b59-cfe7-4600-aedb-bab372db4d63,NSCLC epithelial cells,d4cfefa0-3a35-44eb-b848-d7a725b481e7.h5ad,9778
1172,Publication: https://doi.org/10.1038/s41588-022-01243-4 Dataset Version: https://datasets.cellxgene.cziscience.com/3b760ea8-7b4c-418e-96d1-722ec67b7878.h5ad curated and distributed by CZ CELLxGENE Discover in Collection: https://cellxgene.cziscience.com/collections/c1241244-b22d-483d-875b-75699efb9f3c,c1241244-b22d-483d-875b-75699efb9f3c,A spatially resolved atlas of the human lung characterizes a gland-associated immune niche,10.1038/s41588-022-01243-4,Madissoon et al. (2023) Nat Genet,2d85960a-2ba8-4f54-9aec-537fae839f5d,3b760ea8-7b4c-418e-96d1-722ec67b7878,Myeloid cells,2d85960a-2ba8-4f54-9aec-537fae839f5d.h5ad,40634
1173,Publication: https://doi.org/10.1038/s41588-022-01243-4 Dataset Version: https://datasets.cellxgene.cziscience.com/596673cf-f414-4a84-b3bd-16251b996e1d.h5ad curated and distributed by CZ CELLxGENE Discover in Collection: https://cellxgene.cziscience.com/collections/c1241244-b22d-483d-875b-75699efb9f3c,c1241244-b22d-483d-875b-75699efb9f3c,A spatially resolved atlas of the human lung characterizes a gland-associated immune niche,10.1038/s41588-022-01243-4,Madissoon et al. (2023) Nat Genet,20718fc1-c04b-496b-8a27-8589a637346c,596673cf-f414-4a84-b3bd-16251b996e1d,WSA_LngSP8759312,20718fc1-c04b-496b-8a27-8589a637346c.h5ad,4992
1183,Publication: https://doi.org/10.1016/j.cell.2022.11.005 Dataset Version: https://datasets.cellxgene.cziscience.com/7f425235-dde9-426b-be56-a4231a0a6581.h5ad curated and distributed by CZ CELLxGENE Discover in Collection: https://cellxgene.cziscience.com/collections/2d2e2acd-dade-489f-a2da-6c11aa654028,2d2e2acd-dade-489f-a2da-6c11aa654028,A human fetal lung cell atlas uncovers proximal-distal gradients of differentiation and key regulators of epithelial fates,10.1016/j.cell.2022.11.005,He et al. (2022) Cell,f9846bb4-784d-4582-92c1-3f279e4c6f0c,7f425235-dde9-426b-be56-a4231a0a6581,Fibroblast and smooth muscle,f9846bb4-784d-4582-92c1-3f279e4c6f0c.h5ad,39204
1184,Publication: https://doi.org/10.1016/j.cell.2022.11.005 Dataset Version: https://datasets.cellxgene.cziscience.com/e4f567ee-a852-4b32-a387-a66b426d9f8d.h5ad curated and distributed by CZ CELLxGENE Discover in Collection: https://cellxgene.cziscience.com/collections/2d2e2acd-dade-489f-a2da-6c11aa654028,2d2e2acd-dade-489f-a2da-6c11aa654028,A human fetal lung cell atlas uncovers proximal-distal gradients of differentiation and key regulators of epithelial fates,10.1016/j.cell.2022.11.005,He et al. (2022) Cell,e69d2744-9033-4afd-80c0-d395be398ec2,e4f567ee-a852-4b32-a387-a66b426d9f8d,pcw16_6332STDY9479168,e69d2744-9033-4afd-80c0-d395be398ec2.h5ad,4992
1194,Publication: https://doi.org/10.1038/s41586-021-03569-1 Dataset Version: https://datasets.cellxgene.cziscience.com/75c059c8-8fb7-4e6e-a618-a3e01ac42060.h5ad curated and distributed by CZ CELLxGENE Discover in Collection: https://cellxgene.cziscience.com/collections/e4c9ed14-e560-4900-a3bf-b0f8d2ce6a10,e4c9ed14-e560-4900-a3bf-b0f8d2ce6a10,A molecular single-cell lung atlas of lethal COVID-19,10.1038/s41586-021-03569-1,Melms et al. (2021) Nature,d8da613f-e681-4c69-b463-e94f5e66847f,75c059c8-8fb7-4e6e-a618-a3e01ac42060,A molecular single-cell lung atlas of lethal COVID-19,d8da613f-e681-4c69-b463-e94f5e66847f.h5ad,116313
1195,Publication: https://doi.org/10.1101/2024.11.01.621259 Dataset Version: https://datasets.cellxgene.cziscience.com/d06067c9-705c-46e5-b822-7ecc96426f89.h5ad curated and distributed by CZ CELLxGENE Discover in Collection: https://cellxgene.cziscience.com/collections/bd552f76-1f1b-43a3-b9ee-0aace57e90d6,bd552f76-1f1b-43a3-b9ee-0aace57e90d6,"Transcriptome Analysis of Archived Tumor Tissues by Visium, GeoMx DSP, and Chromium Methods Reveals Inter- and Intra-Patient Heterogeneity",10.1101/2024.11.01.621259,Dong et al. (2024) bioRxiv,1e4214ce-7347-4ec7-97b3-fcf7c1938e8b,d06067c9-705c-46e5-b822-7ecc96426f89,Lung cancer 4 patients archival FFPE samples profiling with Chromium FLEX,1e4214ce-7347-4ec7-97b3-fcf7c1938e8b.h5ad,35954
1204,Publication: https://doi.org/10.1016/j.ccell.2021.09.008 Dataset Version: https://datasets.cellxgene.cziscience.com/cf2010c3-fcfc-4ae4-a395-7be82e9ababa.h5ad curated and distributed by CZ CELLxGENE Discover in Collection: https://cellxgene.cziscience.com/collections/62e8f058-9c37-48bc-9200-e767f318a8ec,62e8f058-9c37-48bc-9200-e767f318a8ec,HTAN MSK - Single cell profiling reveals novel tumor and myeloid subpopulations in small cell lung cancer,10.1016/j.ccell.2021.09.008,Chan et al. (2021) Cancer Cell,524d4513-8afd-4120-9b7b-fe31ae10c29b,cf2010c3-fcfc-4ae4-a395-7be82e9ababa,SCLC RU1215 epithelial cells,524d4513-8afd-4120-9b7b-fe31ae10c29b.h5ad,3923
1207,Publication: https://doi.org/10.1016/j.cell.2022.11.005 Dataset Version: https://datasets.cellxgene.cziscience.com/cbdbdc83-626d-44ba-8a57-5e8630fb6d84.h5ad curated and distributed by CZ CELLxGENE Discover in Collection: https://cellxgene.cziscience.com/collections/2d2e2acd-dade-489f-a2da-6c11aa654028,2d2e2acd-dade-489f-a2da-6c11aa654028,A human fetal lung cell atlas uncovers proximal-distal gradients of differentiation and key regulators of epithelial fates,10.1016/j.cell.2022.11.005,He et al. (2022) Cell,c932254f-f3b2-4b70-9b79-9557b6a3bbd7,cbdbdc83-626d-44ba-8a57-5e8630fb6d84,pcw19_6332STDY10289523,c932254f-f3b2-4b70-9b79-9557b6a3bbd7.h5ad,4992
1212,Publication: https://doi.org/10.1038/s41588-022-01243-4 Dataset Version: https://datasets.cellxgene.cziscience.com/4d808e75-e61b-4dd5-b2aa-389d5f56e9b8.h5ad curated and distributed by CZ CELLxGENE Discover in Collection: https://cellxgene.cziscience.com/collections/c1241244-b22d-483d-875b-75699efb9f3c,c1241244-b22d-483d-875b-75699efb9f3c,A spatially resolved atlas of the human lung characterizes a gland-associated immune niche,10.1038/s41588-022-01243-4,Madissoon et al. (2023) Nat Genet,15c5c186-df92-4b17-a253-199e10ffe98a,4d808e75-e61b-4dd5-b2aa-389d5f56e9b8,WSA_LngSP9258468,15c5c186-df92-4b17-a253-199e10ffe98a.h5ad,4992
1220,Publication: https://doi.org/10.1038/s41588-022-01243-4 Dataset Version: https://datasets.cellxgene.cziscience.com/dae2ba57-5528-4cdc-910e-6928d0d97b29.h5ad curated and distributed by CZ CELLxGENE Discover in Collection: https://cellxgene.cziscience.com/collections/c1241244-b22d-483d-875b-75699efb9f3c,c1241244-b22d-483d-875b-75699efb9f3c,A spatially resolved atlas of the human lung characterizes a gland-associated immune niche,10.1038/s41588-022-01243-4,Madissoon et al. (2023) Nat Genet,72ddcd39-bd9b-4f6a-9251-bf2a6763b16f,dae2ba57-5528-4cdc-910e-6928d0d97b29,WSA_LngSP9258464,72ddcd39-bd9b-4f6a-9251-bf2a6763b16f.h5ad,4992
1236,Publication: https://doi.org/10.1016/j.cell.2022.11.005 Dataset Version: https://datasets.cellxgene.cziscience.com/81e5a223-81fa-4f16-8f23-7e1b639adf49.h5ad curated and distributed by CZ CELLxGENE Discover in Collection: https://cellxgene.cziscience.com/collections/2d2e2acd-dade-489f-a2da-6c11aa654028,2d2e2acd-dade-489f-a2da-6c11aa654028,A human fetal lung cell atlas uncovers proximal-distal gradients of differentiation and key regulators of epithelial fates,10.1016/j.cell.2022.11.005,He et al. (2022) Cell,2adc282f-60f1-4afa-a990-940065af4b53,81e5a223-81fa-4f16-8f23-7e1b639adf49,pcw20_6332STDY10289520,2adc282f-60f1-4afa-a990-940065af4b53.h5ad,4992
1249,Publication: https://doi.org/10.1038/s41586-020-2922-4 Dataset Version: https://datasets.cellxgene.cziscience.com/fb57b6c0-a71f-4d57-bd15-d5a6fe04a4fd.h5ad curated and distributed by CZ CELLxGENE Discover in Collection: https://cellxgene.cziscience.com/collections/5d445965-6f1a-4b68-ba3a-b8f765155d3a,5d445965-6f1a-4b68-ba3a-b8f765155d3a,A molecular cell atlas of the human lung from single cell RNA sequencing,10.1038/s41586-020-2922-4,Travaglini et al. (2020) Nature,8c42cfd0-0b0a-46d5-910c-fc833d83c45e,fb57b6c0-a71f-4d57-bd15-d5a6fe04a4fd,"Krasnow Lab Human Lung Cell Atlas, 10X",8c42cfd0-0b0a-46d5-910c-fc833d83c45e.h5ad,65662
1274,Publication: https://doi.org/10.3390/cells13231991 Dataset Version: https://datasets.cellxgene.cziscience.com/590f3407-9bba-4642-8ec2-510b607ad3db.h5ad curated and distributed by CZ CELLxGENE Discover in Collection: https://cellxgene.cziscience.com/collections/e9cf4e8d-05ed-4d95-b550-af35ca219390,e9cf4e8d-05ed-4d95-b550-af35ca219390,Transcriptomic Analysis of Air-Liquid Interface Culture in Human Lung Organoids Reveals Regulators of Epithelial Differentiation,10.3390/cells13231991,Kim et al. (2024) Cells,ef1a4b05-540c-4f73-8ceb-49dfa800645d,590f3407-9bba-4642-8ec2-510b607ad3db,Transcriptomic Analysis of Air-Liquid Interface Culture in Human Lung Organoids Reveals Regulators of Epithelial Differentiation,ef1a4b05-540c-4f73-8ceb-49dfa800645d.h5ad,5594
1283,Publication: https://doi.org/10.1016/j.ccell.2021.09.008 Dataset Version: https://datasets.cellxgene.cziscience.com/ef1d3e7e-8bc2-4363-b902-006a4a6e543b.h5ad curated and distributed by CZ CELLxGENE Discover in Collection: https://cellxgene.cziscience.com/collections/62e8f058-9c37-48bc-9200-e767f318a8ec,62e8f058-9c37-48bc-9200-e767f318a8ec,HTAN MSK - Single cell profiling reveals novel tumor and myeloid subpopulations in small cell lung cancer,10.1016/j.ccell.2021.09.008,Chan et al. (2021) Cancer Cell,e9175006-8978-4417-939f-819855eab80e,ef1d3e7e-8bc2-4363-b902-006a4a6e543b,Myeloid cells,e9175006-8978-4417-939f-819855eab80e.h5ad,14072
1293,Publication: https://doi.org/10.1016/j.cell.2022.11.005 Dataset Version: https://datasets.cellxgene.cziscience.com/4d2b667b-7256-4e85-8318-51d642fee54c.h5ad curated and distributed by CZ CELLxGENE Discover in Collection: https://cellxgene.cziscience.com/collections/2d2e2acd-dade-489f-a2da-6c11aa654028,2d2e2acd-dade-489f-a2da-6c11aa654028,A human fetal lung cell atlas uncovers proximal-distal gradients of differentiation and key regulators of epithelial fates,10.1016/j.cell.2022.11.005,He et al. (2022) Cell,30354fd6-4c1b-4083-b6da-8cfbcce1f7b9,4d2b667b-7256-4e85-8318-51d642fee54c,pcw20_6332STDY10289521,30354fd6-4c1b-4083-b6da-8cfbcce1f7b9.h5ad,4992
1295,Publication: https://doi.org/10.1016/j.ccell.2021.09.008 Dataset Version: https://datasets.cellxgene.cziscience.com/75f0616a-fb2c-469d-9fa3-592413056dca.h5ad curated and distributed by CZ CELLxGENE Discover in Collection: https://cellxgene.cziscience.com/collections/62e8f058-9c37-48bc-9200-e767f318a8ec,62e8f058-9c37-48bc-9200-e767f318a8ec,HTAN MSK - Single cell profiling reveals novel tumor and myeloid subpopulations in small cell lung cancer,10.1016/j.ccell.2021.09.008,Chan et al. (2021) Cancer Cell,76347874-8801-44bf-9aea-0da21c78c430,75f0616a-fb2c-469d-9fa3-592413056dca,SCLC immune cells,76347874-8801-44bf-9aea-0da21c78c430.h5ad,16475
1320,Publication: https://doi.org/10.1038/s41588-022-01243-4 Dataset Version: https://datasets.cellxgene.cziscience.com/6c241a66-d15d-4357-bdbe-7274fdbe20c9.h5ad curated and distributed by CZ CELLxGENE Discover in Collection: https://cellxgene.cziscience.com/collections/c1241244-b22d-483d-875b-75699efb9f3c,c1241244-b22d-483d-875b-75699efb9f3c,A spatially resolved atlas of the human lung characterizes a gland-associated immune niche,10.1038/s41588-022-01243-4,Madissoon et al. (2023) Nat Genet,73de42b2-4871-4dbc-bde4-a9faa089b607,6c241a66-d15d-4357-bdbe-7274fdbe20c9,WSA_LngSP10193348,73de42b2-4871-4dbc-bde4-a9faa089b607.h5ad,4992
1321,Publication: https://doi.org/10.1016/j.cell.2022.11.005 Dataset Version: https://datasets.cellxgene.cziscience.com/ac9bd67e-10ea-4b0c-ab03-931f0bbea7a5.h5ad curated and distributed by CZ CELLxGENE Discover in Collection: https://cellxgene.cziscience.com/collections/2d2e2acd-dade-489f-a2da-6c11aa654028,2d2e2acd-dade-489f-a2da-6c11aa654028,A human fetal lung cell atlas uncovers proximal-distal gradients of differentiation and key regulators of epithelial fates,10.1016/j.cell.2022.11.005,He et al. (2022) Cell,47a267c5-06f4-4d8b-afee-a4dc643fd9cd,ac9bd67e-10ea-4b0c-ab03-931f0bbea7a5,pcw20_6332STDY10289522,47a267c5-06f4-4d8b-afee-a4dc643fd9cd.h5ad,4992
1325,Publication: https://doi.org/10.1126/science.abc3172 Dataset Version: https://datasets.cellxgene.cziscience.com/5d0145c4-d9f4-4938-80fb-387c84cb8cbb.h5ad curated and distributed by CZ CELLxGENE Discover in Collection: https://cellxgene.cziscience.com/collections/48d354f5-a5ca-4f35-a3bb-fa3687502252,48d354f5-a5ca-4f35-a3bb-fa3687502252,"LungMAP — The genomic, epigenomic and biophysical cues controlling the emergence of the gas exchange niche in the lung.",10.1126/science.abc3172,Zepp et al. (2021) Science,047d57f2-4d14-45de-aa98-336c6f583750,5d0145c4-d9f4-4938-80fb-387c84cb8cbb,Developmental single-cell atlas of the murine lung,047d57f2-4d14-45de-aa98-336c6f583750.h5ad,67794
1330,Publication: https://doi.org/10.1186/s13059-019-1906-x Dataset Version: https://datasets.cellxgene.cziscience.com/aed714ad-bced-444d-830e-b09d7bf35993.h5ad curated and distributed by CZ CELLxGENE Discover in Collection: https://cellxgene.cziscience.com/collections/4d74781b-8186-4c9a-b659-ff4dc4601d91,4d74781b-8186-4c9a-b659-ff4dc4601d91,"scRNA-seq assessment of the human lung, spleen, and esophagus tissue stability after cold preservation",10.1186/s13059-019-1906-x,Madissoon et al. (2020) Genome Biol,b07fb54c-d7ad-4995-8bb0-8f3d8611cabe,aed714ad-bced-444d-830e-b09d7bf35993,Esophagus Epithelium,b07fb54c-d7ad-4995-8bb0-8f3d8611cabe.h5ad,87947
1332,Publication: https://doi.org/10.1038/s41588-022-01243-4 Dataset Version: https://datasets.cellxgene.cziscience.com/5a7674fe-d5f7-47fe-aff5-046423b8ae61.h5ad curated and distributed by CZ CELLxGENE Discover in Collection: https://cellxgene.cziscience.com/collections/c1241244-b22d-483d-875b-75699efb9f3c,c1241244-b22d-483d-875b-75699efb9f3c,A spatially resolved atlas of the human lung characterizes a gland-associated immune niche,10.1038/s41588-022-01243-4,Madissoon et al. (2023) Nat Genet,708a7f62-260b-43f4-837a-d329c29f830b,5a7674fe-d5f7-47fe-aff5-046423b8ae61,WSA_LngSP10193347,708a7f62-260b-43f4-837a-d329c29f830b.h5ad,4992
1339,Publication: https://doi.org/10.1038/s41588-022-01243-4 Dataset Version: https://datasets.cellxgene.cziscience.com/130f3d37-e3e0-45d3-b6ee-2985e018270f.h5ad curated and distributed by CZ CELLxGENE Discover in Collection: https://cellxgene.cziscience.com/collections/c1241244-b22d-483d-875b-75699efb9f3c,c1241244-b22d-483d-875b-75699efb9f3c,A spatially resolved atlas of the human lung characterizes a gland-associated immune niche,10.1038/s41588-022-01243-4,Madissoon et al. (2023) Nat Genet,39202b1d-6447-41e0-b409-84e7e9e551f1,130f3d37-e3e0-45d3-b6ee-2985e018270f,WSA_LngSP10193346,39202b1d-6447-41e0-b409-84e7e9e551f1.h5ad,4992
1365,Publication: https://doi.org/10.1038/s41586-024-07069-w Dataset Version: https://datasets.cellxgene.cziscience.com/7870cc19-346e-46d2-a076-4a620e6b7e4f.h5ad curated and distributed by CZ CELLxGENE Discover in Collection: https://cellxgene.cziscience.com/collections/45d5d2c3-bc28-4814-aed6-0bb6f0e11c82,45d5d2c3-bc28-4814-aed6-0bb6f0e11c82,"A single-cell transcriptional timelapse of mouse embryonic development, from gastrula to pup",10.1038/s41586-024-07069-w,Qiu et al. (2024) Nature,e7e0bfff-9355-42ee-95b0-9ec3b1fdab9c,7870cc19-346e-46d2-a076-4a620e6b7e4f,Major cell cluster: Lung and airway,e7e0bfff-9355-42ee-95b0-9ec3b1fdab9c.h5ad,76732
1377,Publication: https://doi.org/10.1038/s41588-022-01243-4 Dataset Version: https://datasets.cellxgene.cziscience.com/a13eb499-f3ae-4c9b-b9ce-89fbddd17d53.h5ad curated and distributed by CZ CELLxGENE Discover in Collection: https://cellxgene.cziscience.com/collections/c1241244-b22d-483d-875b-75699efb9f3c,c1241244-b22d-483d-875b-75699efb9f3c,A spatially resolved atlas of the human lung characterizes a gland-associated immune niche,10.1038/s41588-022-01243-4,Madissoon et al. (2023) Nat Genet,b2c9f2c0-3c3c-4f2c-816d-3e5a10f573bd,a13eb499-f3ae-4c9b-b9ce-89fbddd17d53,WSA_LngSP10193345,b2c9f2c0-3c3c-4f2c-816d-3e5a10f573bd.h5ad,4992
1384,Publication: https://doi.org/10.1084/jem.20232192 Dataset Version: https://datasets.cellxgene.cziscience.com/d88c576a-1927-40ff-9225-e95c63fdb39f.h5ad curated and distributed by CZ CELLxGENE Discover in Collection: https://cellxgene.cziscience.com/collections/2a9a17c9-1f61-4877-b384-b8cd5ffa4085,2a9a17c9-1f61-4877-b384-b8cd5ffa4085,A molecular cell atlas of COVID-19 initiation in human lung,10.1084/jem.20232192,Wu et al. (2024) Journal of Experimental Medicine,2ac76f1b-43ef-4271-8686-2f165570989f,d88c576a-1927-40ff-9225-e95c63fdb39f,All annotated cells from infection 1,2ac76f1b-43ef-4271-8686-2f165570989f.h5ad,48226
1396,Publication: https://doi.org/10.1016/j.cell.2022.11.005 Dataset Version: https://datasets.cellxgene.cziscience.com/8b29a0b2-dd34-4811-a718-1b4124f5ff75.h5ad curated and distributed by CZ CELLxGENE Discover in Collection: https://cellxgene.cziscience.com/collections/2d2e2acd-dade-489f-a2da-6c11aa654028,2d2e2acd-dade-489f-a2da-6c11aa654028,A human fetal lung cell atlas uncovers proximal-distal gradients of differentiation and key regulators of epithelial fates,10.1016/j.cell.2022.11.005,He et al. (2022) Cell,3dc61ca1-ce40-46b6-8337-f27260fd9a03,8b29a0b2-dd34-4811-a718-1b4124f5ff75,All cells,3dc61ca1-ce40-46b6-8337-f27260fd9a03.h5ad,71752
1419,Publication: https://doi.org/10.1126/sciimmunol.adf9988 Dataset Version: https://datasets.cellxgene.cziscience.com/514c522f-812b-4fbf-a9ba-275df817b52f.h5ad curated and distributed by CZ CELLxGENE Discover in Collection: https://cellxgene.cziscience.com/collections/ec329aed-22bc-4d6e-8935-8282dcb1acac,ec329aed-22bc-4d6e-8935-8282dcb1acac,Early human lung immune cell development and its role in epithelial cell fate,10.1126/sciimmunol.adf9988,Barnes et al. (2023) Sci. Immunol.,fcadb222-82e2-43eb-a3ab-6af0a22051fe,514c522f-812b-4fbf-a9ba-275df817b52f,Leukocytes of the fetal lung,fcadb222-82e2-43eb-a3ab-6af0a22051fe.h5ad,77559
1446,Publication: https://doi.org/10.1016/j.ajt.2024.08.019 Dataset Version: https://datasets.cellxgene.cziscience.com/25913359-253f-40f2-b808-b324bf3db111.h5ad curated and distributed by CZ CELLxGENE Discover in Collection: https://cellxgene.cziscience.com/collections/9f29fcd0-7075-4420-bd61-e2ec1aebad89,9f29fcd0-7075-4420-bd61-e2ec1aebad89,Ischemia Reperfusion Responses in Human Lung Transplants at the Single Cell Resolution,10.1016/j.ajt.2024.08.019,Wong et al. (2024) American Journal of Transplantation,429d21fd-bb9a-4abf-922b-c15138524bdd,25913359-253f-40f2-b808-b324bf3db111,scRNA-seq of lung biopsies from six human lung transplant cases,429d21fd-bb9a-4abf-922b-c15138524bdd.h5ad,108613
1486,Publication: https://doi.org/10.1016/j.cell.2022.11.005 Dataset Version: https://datasets.cellxgene.cziscience.com/0f3b1ca7-b1fa-4bfe-bcdd-a5fd5ffbbb47.h5ad curated and distributed by CZ CELLxGENE Discover in Collection: https://cellxgene.cziscience.com/collections/2d2e2acd-dade-489f-a2da-6c11aa654028,2d2e2acd-dade-489f-a2da-6c11aa654028,A human fetal lung cell atlas uncovers proximal-distal gradients of differentiation and key regulators of epithelial fates,10.1016/j.cell.2022.11.005,He et al. (2022) Cell,4023a2bc-6325-47db-bfdf-9639e91042c2,0f3b1ca7-b1fa-4bfe-bcdd-a5fd5ffbbb47,Organoid,4023a2bc-6325-47db-bfdf-9639e91042c2.h5ad,70495
1523,Publication: https://doi.org/10.1016/j.ccell.2021.09.008 Dataset Version: https://datasets.cellxgene.cziscience.com/5b7cbce2-ed53-47a4-99f8-10af741814e6.h5ad curated and distributed by CZ CELLxGENE Discover in Collection: https://cellxgene.cziscience.com/collections/62e8f058-9c37-48bc-9200-e767f318a8ec,62e8f058-9c37-48bc-9200-e767f318a8ec,HTAN MSK - Single cell profiling reveals novel tumor and myeloid subpopulations in small cell lung cancer,10.1016/j.ccell.2021.09.008,Chan et al. (2021) Cancer Cell,576f193c-75d0-4a11-bd25-8676587e6dc2,5b7cbce2-ed53-47a4-99f8-10af741814e6,Combined samples,576f193c-75d0-4a11-bd25-8676587e6dc2.h5ad,147137
1574,Publication: https://doi.org/10.1016/j.ccell.2021.09.008 Dataset Version: https://datasets.cellxgene.cziscience.com/741cdfbb-f609-47f9-989d-7152a3489493.h5ad curated and distributed by CZ CELLxGENE Discover in Collection: https://cellxgene.cziscience.com/collections/62e8f058-9c37-48bc-9200-e767f318a8ec,62e8f058-9c37-48bc-9200-e767f318a8ec,HTAN MSK - Single cell profiling reveals novel tumor and myeloid subpopulations in small cell lung cancer,10.1016/j.ccell.2021.09.008,Chan et al. (2021) Cancer Cell,486486d4-9462-43e5-9249-eb43fa5a49a6,741cdfbb-f609-47f9-989d-7152a3489493,T cells,486486d4-9462-43e5-9249-eb43fa5a49a6.h5ad,46140
1590,Publication: https://doi.org/10.1038/s41588-022-01243-4 Dataset Version: https://datasets.cellxgene.cziscience.com/769fff4f-099a-46e1-917b-06ce1fee858a.h5ad curated and distributed by CZ CELLxGENE Discover in Collection: https://cellxgene.cziscience.com/collections/c1241244-b22d-483d-875b-75699efb9f3c,c1241244-b22d-483d-875b-75699efb9f3c,A spatially resolved atlas of the human lung characterizes a gland-associated immune niche,10.1038/s41588-022-01243-4,Madissoon et al. (2023) Nat Genet,093d3bfe-6f0f-4ac0-a7a1-829f94d0a49f,769fff4f-099a-46e1-917b-06ce1fee858a,All cells and nuclei,093d3bfe-6f0f-4ac0-a7a1-829f94d0a49f.h5ad,193108
1610,Publication: https://doi.org/10.1084/jem.20232192 Dataset Version: https://datasets.cellxgene.cziscience.com/94099eda-27eb-4aee-b32b-41d5d92f59ef.h5ad curated and distributed by CZ CELLxGENE Discover in Collection: https://cellxgene.cziscience.com/collections/2a9a17c9-1f61-4877-b384-b8cd5ffa4085,2a9a17c9-1f61-4877-b384-b8cd5ffa4085,A molecular cell atlas of COVID-19 initiation in human lung,10.1084/jem.20232192,Wu et al. (2024) Journal of Experimental Medicine,7b55fe5c-d5c8-48e0-a1a3-54c5b9074f3f,94099eda-27eb-4aee-b32b-41d5d92f59ef,All annotated cells from infection 3,7b55fe5c-d5c8-48e0-a1a3-54c5b9074f3f.h5ad,125530
1639,Publication: https://doi.org/10.1084/jem.20232192 Dataset Version: https://datasets.cellxgene.cziscience.com/5765a43e-3ce5-4e09-8eed-b4e78ecf4898.h5ad curated and distributed by CZ CELLxGENE Discover in Collection: https://cellxgene.cziscience.com/collections/2a9a17c9-1f61-4877-b384-b8cd5ffa4085,2a9a17c9-1f61-4877-b384-b8cd5ffa4085,A molecular cell atlas of COVID-19 initiation in human lung,10.1084/jem.20232192,Wu et al. (2024) Journal of Experimental Medicine,7f7faf6b-f11d-4f07-bc1c-188a4472748d,5765a43e-3ce5-4e09-8eed-b4e78ecf4898,All annotated cells from infection 2,7f7faf6b-f11d-4f07-bc1c-188a4472748d.h5ad,134076
1644,Publication: https://doi.org/10.1084/jem.20232192 Dataset Version: https://datasets.cellxgene.cziscience.com/19f97913-618e-497a-bc95-2ea5a7ef1968.h5ad curated and distributed by CZ CELLxGENE Discover in Collection: https://cellxgene.cziscience.com/collections/2a9a17c9-1f61-4877-b384-b8cd5ffa4085,2a9a17c9-1f61-4877-b384-b8cd5ffa4085,A molecular cell atlas of COVID-19 initiation in human lung,10.1084/jem.20232192,Wu et al. (2024) Journal of Experimental Medicine,7c497c66-c2e2-4291-8b96-339e5e65f314,19f97913-618e-497a-bc95-2ea5a7ef1968,All annotated cells from infection 4,7c497c66-c2e2-4291-8b96-339e5e65f314.h5ad,76298
1659,Publication: https://doi.org/10.1038/s41588-025-02182-6 Dataset Version: https://datasets.cellxgene.cziscience.com/9265a814-c798-45ab-a5f1-c574f46a2137.h5ad curated and distributed by CZ CELLxGENE Discover in Collection: https://cellxgene.cziscience.com/collections/6282a908-f162-44a2-99a3-8a942e4271b2,6282a908-f162-44a2-99a3-8a942e4271b2,Integrated human endoderm-derived organoids cell atlas (HEOCA),10.1038/s41588-025-02182-6,Xu et al. (2025) Nat Genet,569bce19-14c3-436f-bebf-543e5ea025dc,9265a814-c798-45ab-a5f1-c574f46a2137,human lung organoid cell atlas,569bce19-14c3-436f-bebf-543e5ea025dc.h5ad,221425
1667,Publication: https://doi.org/10.1016/j.ccell.2021.09.008 Dataset Version: https://datasets.cellxgene.cziscience.com/7b48de1d-71f0-4867-8a68-320dda7922c8.h5ad curated and distributed by CZ CELLxGENE Discover in Collection: https://cellxgene.cziscience.com/collections/62e8f058-9c37-48bc-9200-e767f318a8ec,62e8f058-9c37-48bc-9200-e767f318a8ec,HTAN MSK - Single cell profiling reveals novel tumor and myeloid subpopulations in small cell lung cancer,10.1016/j.ccell.2021.09.008,Chan et al. (2021) Cancer Cell,f64e1be1-de15-4d27-8da4-82225cd4c035,7b48de1d-71f0-4867-8a68-320dda7922c8,Immune cells,f64e1be1-de15-4d27-8da4-82225cd4c035.h5ad,73047
1668,Publication: https://doi.org/10.1016/j.cell.2023.11.026 Dataset Version: https://datasets.cellxgene.cziscience.com/018a8104-6273-4114-b24d-efd15478cea8.h5ad curated and distributed by CZ CELLxGENE Discover in Collection: https://cellxgene.cziscience.com/collections/854c0855-23ad-4362-8b77-6b1639e7a9fc,854c0855-23ad-4362-8b77-6b1639e7a9fc,Automatic cell-type harmonization and integration across Human Cell Atlas datasets,10.1016/j.cell.2023.11.026,Xu et al. (2023) Cell,493a8b60-d676-44d1-b022-d14c1ad0b36c,018a8104-6273-4114-b24d-efd15478cea8,Lung,493a8b60-d676-44d1-b022-d14c1ad0b36c.h5ad,318426
1681,Publication: https://doi.org/10.1126/science.abl4896 Dataset Version: https://datasets.cellxgene.cziscience.com/40f8b1a3-9f76-4ac4-8761-32078555ed4e.h5ad curated and distributed by CZ CELLxGENE Discover in Collection: https://cellxgene.cziscience.com/collections/e5f58829-1a66-40b5-a624-9046778e74f5,e5f58829-1a66-40b5-a624-9046778e74f5,Tabula Sapiens,10.1126/science.abl4896,The Tabula Sapiens Consortium* et al. (2022) Science,0d2ee4ac-05ee-40b2-afb6-ebb584caa867,40f8b1a3-9f76-4ac4-8761-32078555ed4e,Tabula Sapiens - Lung,0d2ee4ac-05ee-40b2-afb6-ebb584caa867.h5ad,65847
1712,Publication: https://doi.org/10.1016/j.ccell.2021.09.008 Dataset Version: https://datasets.cellxgene.cziscience.com/9d89f65f-ff82-4093-98d1-cddd0195dab1.h5ad curated and distributed by CZ CELLxGENE Discover in Collection: https://cellxgene.cziscience.com/collections/62e8f058-9c37-48bc-9200-e767f318a8ec,62e8f058-9c37-48bc-9200-e767f318a8ec,HTAN MSK - Single cell profiling reveals novel tumor and myeloid subpopulations in small cell lung cancer,10.1016/j.ccell.2021.09.008,Chan et al. (2021) Cancer Cell,a6858c10-c52a-4a1d-bc12-a90dbd51ca66,9d89f65f-ff82-4093-98d1-cddd0195dab1,Epithelial cells,a6858c10-c52a-4a1d-bc12-a90dbd51ca66.h5ad,64091
1728,Publication: https://doi.org/10.1038/s41588-024-01702-0 Dataset Version: https://datasets.cellxgene.cziscience.com/3d984e8c-bc37-4d36-8a3c-6651aa9a27e4.h5ad curated and distributed by CZ CELLxGENE Discover in Collection: https://cellxgene.cziscience.com/collections/07e12576-b41b-4350-adfc-059bfc4328ea,07e12576-b41b-4350-adfc-059bfc4328ea,Single-cell RNA-seq analysis of Interstitial Lung Disease (ILD) subtypes,10.1038/s41588-024-01702-0,Natri et al. (2024) Nat Genet,f14bc322-1322-4184-8d16-409557525ea5,3d984e8c-bc37-4d36-8a3c-6651aa9a27e4,Single-cell RNA-seq analysis of Interstitial Lung Disease (ILD) subtypes,f14bc322-1322-4184-8d16-409557525ea5.h5ad,471905
1750,Dataset Version: https://datasets.cellxgene.cziscience.com/4b334171-7b7e-4911-8d33-37f2835f4385.h5ad curated and distributed by CZ CELLxGENE Discover in Collection: https://cellxgene.cziscience.com/collections/2f75d249-1bec-459b-bf2b-b86221097ced,2f75d249-1bec-459b-bf2b-b86221097ced,Azimuth meta-analysis of human scRNA-seq datasets,,,f72958f5-7f42-4ebb-98da-445b0c6de516,4b334171-7b7e-4911-8d33-37f2835f4385,Human - Lung v2 (HLCA),f72958f5-7f42-4ebb-98da-445b0c6de516.h5ad,584884
1758,Publication: https://doi.org/10.1038/s41591-023-02327-2 Dataset Version: https://datasets.cellxgene.cziscience.com/4cb45d80-499a-48ae-a056-c71ac3552c94.h5ad curated and distributed by CZ CELLxGENE Discover in Collection: https://cellxgene.cziscience.com/collections/6f6d381a-7701-4781-935c-db10d30de293,6f6d381a-7701-4781-935c-db10d30de293,The integrated Human Lung Cell Atlas,10.1038/s41591-023-02327-2,Sikkema et al. (2023) Nat Med,066943a2-fdac-4b29-b348-40cede398e4e,4cb45d80-499a-48ae-a056-c71ac3552c94,An integrated cell atlas of the human lung in health and disease (core),066943a2-fdac-4b29-b348-40cede398e4e.h5ad,584944
1783,Publication: https://doi.org/10.1126/sciimmunol.adf9988 Dataset Version: https://datasets.cellxgene.cziscience.com/af1ab408-209e-49bb-917e-6717320f81ae.h5ad curated and distributed by CZ CELLxGENE Discover in Collection: https://cellxgene.cziscience.com/collections/ec329aed-22bc-4d6e-8935-8282dcb1acac,ec329aed-22bc-4d6e-8935-8282dcb1acac,Early human lung immune cell development and its role in epithelial cell fate,10.1126/sciimmunol.adf9988,Barnes et al. (2023) Sci. Immunol.,350237e0-9f48-4cbd-9140-3b44495549f3,af1ab408-209e-49bb-917e-6717320f81ae,Fetal lung + Pan-fetal immune,350237e0-9f48-4cbd-9140-3b44495549f3.h5ad,670749
1789,Publication: https://doi.org/10.1016/j.ccell.2021.09.008 Dataset Version: https://datasets.cellxgene.cziscience.com/f5270751-0cfe-44ca-9d3b-8646e733bffd.h5ad curated and distributed by CZ CELLxGENE Discover in Collection: https://cellxgene.cziscience.com/collections/62e8f058-9c37-48bc-9200-e767f318a8ec,62e8f058-9c37-48bc-9200-e767f318a8ec,HTAN MSK - Single cell profiling reveals novel tumor and myeloid subpopulations in small cell lung cancer,10.1016/j.ccell.2021.09.008,Chan et al. (2021) Cancer Cell,34deb33b-a50e-4993-a38b-1c0e5079c1c2,f5270751-0cfe-44ca-9d3b-8646e733bffd,SCLC epithelial cells,34deb33b-a50e-4993-a38b-1c0e5079c1c2.h5ad,54313
1813,Publication: https://doi.org/10.1016/j.ccell.2022.10.008 Dataset Version: https://datasets.cellxgene.cziscience.com/c1870f1f-ca36-4d96-b03b-7dc0e96d83ee.h5ad curated and distributed by CZ CELLxGENE Discover in Collection: https://cellxgene.cziscience.com/collections/edb893ee-4066-4128-9aec-5eb2b03f8287,edb893ee-4066-4128-9aec-5eb2b03f8287,High-resolution single-cell atlas reveals diversity and plasticity of tumor-associated neutrophils in non-small cell lung cancer,10.1016/j.ccell.2022.10.008,Salcher et al. (2022) Cancer Cell,232f6a5a-a04c-4758-a6e8-88ab2e3a6e69,c1870f1f-ca36-4d96-b03b-7dc0e96d83ee,The single-cell lung cancer atlas (LuCA) -- core atlas,232f6a5a-a04c-4758-a6e8-88ab2e3a6e69.h5ad,892296
1821,Publication: https://doi.org/10.1016/j.ccell.2022.10.008 Dataset Version: https://datasets.cellxgene.cziscience.com/f678fb47-e51b-4dc5-b23f-f9df43a67ee5.h5ad curated and distributed by CZ CELLxGENE Discover in Collection: https://cellxgene.cziscience.com/collections/edb893ee-4066-4128-9aec-5eb2b03f8287,edb893ee-4066-4128-9aec-5eb2b03f8287,High-resolution single-cell atlas reveals diversity and plasticity of tumor-associated neutrophils in non-small cell lung cancer,10.1016/j.ccell.2022.10.008,Salcher et al. (2022) Cancer Cell,1e6a6ef9-7ec9-4c90-bbfb-2ad3c3165fd1,f678fb47-e51b-4dc5-b23f-f9df43a67ee5,The single-cell lung cancer atlas (LuCA) -- extended atlas,1e6a6ef9-7ec9-4c90-bbfb-2ad3c3165fd1.h5ad,1283972
1830,Publication: https://doi.org/10.1038/s41591-023-02327-2 Dataset Version: https://datasets.cellxgene.cziscience.com/dbb5ad81-1713-4aee-8257-396fbabe7c6e.h5ad curated and distributed by CZ CELLxGENE Discover in Collection: https://cellxgene.cziscience.com/collections/6f6d381a-7701-4781-935c-db10d30de293,6f6d381a-7701-4781-935c-db10d30de293,The integrated Human Lung Cell Atlas,10.1038/s41591-023-02327-2,Sikkema et al. (2023) Nat Med,9f222629-9e39-47d0-b83f-e08d610c7479,dbb5ad81-1713-4aee-8257-396fbabe7c6e,An integrated cell atlas of the human lung in health and disease (full),9f222629-9e39-47d0-b83f-e08d610c7479.h5ad,2282447
