dataset_id,development_stage,n_cells
0ba16f4b-cb87-4fa3-9363-19fc51eec6e7,18th week post-fertilization stage,1766
0ba16f4b-cb87-4fa3-9363-19fc51eec6e7,15th week post-fertilization stage,1694
0ba16f4b-cb87-4fa3-9363-19fc51eec6e7,22nd week post-fertilization stage,1571
0ba16f4b-cb87-4fa3-9363-19fc51eec6e7,20th week post-fertilization stage,1487
0ba16f4b-cb87-4fa3-9363-19fc51eec6e7,11th week post-fertilization stage,290
0ba16f4b-cb87-4fa3-9363-19fc51eec6e7,9th week post-fertilization stage,84
2adb1f8a-a6b1-4909-8ee8-484814e2d4bf,11th week post-fertilization stage,5121
2adb1f8a-a6b1-4909-8ee8-484814e2d4bf,12th week post-fertilization stage,4526
350237e0-9f48-4cbd-9140-3b44495549f3,15th week post-fertilization stage,146898
350237e0-9f48-4cbd-9140-3b44495549f3,17th week post-fertilization stage,92480
350237e0-9f48-4cbd-9140-3b44495549f3,13th week post-fertilization stage,86042
350237e0-9f48-4cbd-9140-3b44495549f3,14th week post-fertilization stage,41250
350237e0-9f48-4cbd-9140-3b44495549f3,16th week post-fertilization stage,35893
350237e0-9f48-4cbd-9140-3b44495549f3,9th week post-fertilization stage,29118
350237e0-9f48-4cbd-9140-3b44495549f3,21st week post-fertilization stage,28180
350237e0-9f48-4cbd-9140-3b44495549f3,10th week post-fertilization stage,27925
350237e0-9f48-4cbd-9140-3b44495549f3,11th week post-fertilization stage,27715
350237e0-9f48-4cbd-9140-3b44495549f3,12th week post-fertilization stage,16475
350237e0-9f48-4cbd-9140-3b44495549f3,20th week post-fertilization stage,4319
350237e0-9f48-4cbd-9140-3b44495549f3,18th week post-fertilization stage,4195
350237e0-9f48-4cbd-9140-3b44495549f3,22nd week post-fertilization stage,3863
3dc61ca1-ce40-46b6-8337-f27260fd9a03,18th week post-fertilization stage,13170
3dc61ca1-ce40-46b6-8337-f27260fd9a03,22nd week post-fertilization stage,12217
3dc61ca1-ce40-46b6-8337-f27260fd9a03,15th week post-fertilization stage,12071
3dc61ca1-ce40-46b6-8337-f27260fd9a03,11th week post-fertilization stage,9531
3dc61ca1-ce40-46b6-8337-f27260fd9a03,9th week post-fertilization stage,8280
3dc61ca1-ce40-46b6-8337-f27260fd9a03,20th week post-fertilization stage,7490
3de0ad6d-4378-4f62-b37b-ec0b75a50d94,31st week post-fertilization stage,17026
4023a2bc-6325-47db-bfdf-9639e91042c2,11th week post-fertilization stage,2110
4023a2bc-6325-47db-bfdf-9639e91042c2,9th week post-fertilization stage,2045
4023a2bc-6325-47db-bfdf-9639e91042c2,15th week post-fertilization stage,1729
4023a2bc-6325-47db-bfdf-9639e91042c2,18th week post-fertilization stage,1570
4023a2bc-6325-47db-bfdf-9639e91042c2,22nd week post-fertilization stage,656
4023a2bc-6325-47db-bfdf-9639e91042c2,20th week post-fertilization stage,175
62315937-e268-4fa5-a032-8f7d776f3a3f,22nd week post-fertilization stage,1621
62315937-e268-4fa5-a032-8f7d776f3a3f,20th week post-fertilization stage,1217
62315937-e268-4fa5-a032-8f7d776f3a3f,18th week post-fertilization stage,1161
62315937-e268-4fa5-a032-8f7d776f3a3f,15th week post-fertilization stage,712
62315937-e268-4fa5-a032-8f7d776f3a3f,11th week post-fertilization stage,38
62315937-e268-4fa5-a032-8f7d776f3a3f,9th week post-fertilization stage,22
703f00e6-b996-48e5-bc34-00c41b9876f4,11th week post-fertilization stage,91
703f00e6-b996-48e5-bc34-00c41b9876f4,9th week post-fertilization stage,49
703f00e6-b996-48e5-bc34-00c41b9876f4,15th week post-fertilization stage,25
703f00e6-b996-48e5-bc34-00c41b9876f4,22nd week post-fertilization stage,11
703f00e6-b996-48e5-bc34-00c41b9876f4,18th week post-fertilization stage,10
703f00e6-b996-48e5-bc34-00c41b9876f4,20th week post-fertilization stage,1
7b3368a5-c1a0-4973-9e75-d95b4150c7da,20th week post-fertilization stage,1637
7b3368a5-c1a0-4973-9e75-d95b4150c7da,18th week post-fertilization stage,1286
7b3368a5-c1a0-4973-9e75-d95b4150c7da,22nd week post-fertilization stage,678
7b3368a5-c1a0-4973-9e75-d95b4150c7da,15th week post-fertilization stage,517
7b3368a5-c1a0-4973-9e75-d95b4150c7da,11th week post-fertilization stage,18
7b3368a5-c1a0-4973-9e75-d95b4150c7da,9th week post-fertilization stage,2
810ac45f-8969-4698-b42c-652f802f75c2,22nd week post-fertilization stage,1586
810ac45f-8969-4698-b42c-652f802f75c2,15th week post-fertilization stage,1043
810ac45f-8969-4698-b42c-652f802f75c2,18th week post-fertilization stage,987
810ac45f-8969-4698-b42c-652f802f75c2,20th week post-fertilization stage,712
810ac45f-8969-4698-b42c-652f802f75c2,11th week post-fertilization stage,332
810ac45f-8969-4698-b42c-652f802f75c2,9th week post-fertilization stage,143
9968be68-ab65-4a38-9e1a-c9b6abece194,18th week post-fertilization stage,23619
9968be68-ab65-4a38-9e1a-c9b6abece194,15th week post-fertilization stage,12785
9968be68-ab65-4a38-9e1a-c9b6abece194,12th week post-fertilization stage,11505
cdefb878-7f00-4b9d-9eda-b3652cfac0c8,20th week post-fertilization stage,687
cdefb878-7f00-4b9d-9eda-b3652cfac0c8,22nd week post-fertilization stage,438
cdefb878-7f00-4b9d-9eda-b3652cfac0c8,18th week post-fertilization stage,263
cdefb878-7f00-4b9d-9eda-b3652cfac0c8,15th week post-fertilization stage,245
cdefb878-7f00-4b9d-9eda-b3652cfac0c8,11th week post-fertilization stage,8
e8a11a27-9c47-4673-b65d-11b9cd6065e1,11th week post-fertilization stage,2110
e8a11a27-9c47-4673-b65d-11b9cd6065e1,9th week post-fertilization stage,2045
e8a11a27-9c47-4673-b65d-11b9cd6065e1,15th week post-fertilization stage,1729
e8a11a27-9c47-4673-b65d-11b9cd6065e1,18th week post-fertilization stage,1570
e8a11a27-9c47-4673-b65d-11b9cd6065e1,22nd week post-fertilization stage,656
e8a11a27-9c47-4673-b65d-11b9cd6065e1,20th week post-fertilization stage,175
f7c1c579-2dc0-47e2-ba19-8165c5a0e353,17th week post-fertilization stage,75751
f7c1c579-2dc0-47e2-ba19-8165c5a0e353,15th week post-fertilization stage,57847
f7c1c579-2dc0-47e2-ba19-8165c5a0e353,16th week post-fertilization stage,40482
f7c1c579-2dc0-47e2-ba19-8165c5a0e353,12th week post-fertilization stage,33553
f7c1c579-2dc0-47e2-ba19-8165c5a0e353,13th week post-fertilization stage,10105
f9846bb4-784d-4582-92c1-3f279e4c6f0c,11th week post-fertilization stage,6644
f9846bb4-784d-4582-92c1-3f279e4c6f0c,18th week post-fertilization stage,6120
f9846bb4-784d-4582-92c1-3f279e4c6f0c,15th week post-fertilization stage,6099
f9846bb4-784d-4582-92c1-3f279e4c6f0c,9th week post-fertilization stage,5935
f9846bb4-784d-4582-92c1-3f279e4c6f0c,22nd week post-fertilization stage,5650
f9846bb4-784d-4582-92c1-3f279e4c6f0c,20th week post-fertilization stage,1572
fa27492b-82ff-4ab7-ac61-0e2b184eee67,17th week post-fertilization stage,18482
fa27492b-82ff-4ab7-ac61-0e2b184eee67,15th week post-fertilization stage,14320
fa27492b-82ff-4ab7-ac61-0e2b184eee67,16th week post-fertilization stage,9876
fa27492b-82ff-4ab7-ac61-0e2b184eee67,12th week post-fertilization stage,8224
fa27492b-82ff-4ab7-ac61-0e2b184eee67,13th week post-fertilization stage,2527
fcadb222-82e2-43eb-a3ab-6af0a22051fe,21st week post-fertilization stage,28180
fcadb222-82e2-43eb-a3ab-6af0a22051fe,13th week post-fertilization stage,21455
fcadb222-82e2-43eb-a3ab-6af0a22051fe,10th week post-fertilization stage,11433
fcadb222-82e2-43eb-a3ab-6af0a22051fe,20th week post-fertilization stage,4319
fcadb222-82e2-43eb-a3ab-6af0a22051fe,18th week post-fertilization stage,4195
fcadb222-82e2-43eb-a3ab-6af0a22051fe,22nd week post-fertilization stage,3863
fcadb222-82e2-43eb-a3ab-6af0a22051fe,15th week post-fertilization stage,2909
fcadb222-82e2-43eb-a3ab-6af0a22051fe,9th week post-fertilization stage,797
fcadb222-82e2-43eb-a3ab-6af0a22051fe,11th week post-fertilization stage,345
