stage,direction,rank,gene,log_fold_change,adjusted_p_value,gene_class,interpretable,recurrence_n_stages
12th week post-fertilization stage,airway_top,1,SOX2,10.025547981262207,7.420390004123511e-72,biological,True,5
12th week post-fertilization stage,airway_top,2,SCGB3A2,4.7261247634887695,7.045701075565183e-24,biological,True,5
12th week post-fertilization stage,airway_top,3,NTN1,3.1115686893463135,4.0338719888492794e-10,biological,True,5
12th week post-fertilization stage,airway_top,4,JUN,3.1012070178985596,1.0080054255810485e-08,biological,True,5
12th week post-fertilization stage,airway_top,5,CLIC6,2.6216671466827393,4.092859262688378e-07,biological,True,4
12th week post-fertilization stage,airway_top,6,BMP3,2.489478349685669,2.8652230402776187e-06,biological,True,2
12th week post-fertilization stage,airway_top,7,NEGR1,3.193725347518921,2.149503915717985e-05,biological,True,1
12th week post-fertilization stage,airway_top,8,CTNND2,2.505772590637207,0.00014056936747850339,biological,True,1
12th week post-fertilization stage,airway_top,9,ALCAM,1.6238638162612915,0.0004978054436261453,biological,True,5
12th week post-fertilization stage,airway_top,10,NLGN1,2.0331320762634277,0.0004978054436261453,biological,True,1
12th week post-fertilization stage,airway_top,11,CFTR,2.391788959503174,0.000555255374186418,biological,True,1
12th week post-fertilization stage,airway_top,12,DMD,1.716196894645691,0.000699786400596292,biological,True,4
12th week post-fertilization stage,airway_top,13,ERBB4,1.979864478111267,0.0007081511529171678,biological,True,2
12th week post-fertilization stage,airway_top,14,H19,1.9744970798492432,0.0014171851603791967,biological,True,5
12th week post-fertilization stage,airway_top,15,PRKCE,2.194155693054199,0.001708547616929488,biological,True,1
12th week post-fertilization stage,airway_top,16,CNTN4,2.1897079944610596,0.0022311799482094665,biological,True,2
12th week post-fertilization stage,airway_top,17,SECISBP2L,1.913452386856079,0.0022311799482094665,biological,True,2
12th week post-fertilization stage,airway_top,18,NPNT,2.8191115856170654,0.003723483994801536,biological,True,1
12th week post-fertilization stage,airway_top,19,MAGI3,1.5060161352157593,0.003723483994801536,biological,True,2
12th week post-fertilization stage,airway_top,20,GPC5,1.3802814483642578,0.00968025042821757,biological,True,4
12th week post-fertilization stage,alveolar_top,1,SOX9,10.072964668273926,7.639202364967181e-222,biological,True,5
12th week post-fertilization stage,alveolar_top,2,ATP11A,1.9106667041778564,1.364739992344536e-22,biological,True,5
12th week post-fertilization stage,alveolar_top,3,ETV5,1.846030831336975,2.954415142629165e-18,biological,True,5
12th week post-fertilization stage,alveolar_top,4,NPC2,1.8080090284347534,3.8388040067406237e-17,biological,True,4
12th week post-fertilization stage,alveolar_top,5,SFTPC,1.9501937627792358,4.47657388340311e-17,biological,True,5
12th week post-fertilization stage,alveolar_top,6,FOXP2,1.4716465473175049,4.47657388340311e-17,biological,True,3
12th week post-fertilization stage,alveolar_top,7,DLG2,1.6742748022079468,9.357327831075089e-16,biological,True,4
12th week post-fertilization stage,alveolar_top,8,SLC34A2,1.7948898077011108,8.367004186201037e-15,biological,True,5
12th week post-fertilization stage,alveolar_top,9,WWC1,1.5964900255203247,9.03036750836813e-15,biological,True,2
12th week post-fertilization stage,alveolar_top,10,TPPP3,1.9951494932174683,3.860863340624799e-14,biological,True,4
12th week post-fertilization stage,alveolar_top,11,SEL1L3,1.500948429107666,2.1147356051682663e-12,biological,True,5
12th week post-fertilization stage,alveolar_top,12,FAM184A,1.5817979574203491,2.445478805746917e-12,biological,True,2
12th week post-fertilization stage,alveolar_top,13,ADAMTS6,1.6423556804656982,1.1292231409330946e-11,biological,True,1
12th week post-fertilization stage,alveolar_top,14,COL11A1,1.8003004789352417,1.1860995062626341e-11,biological,True,3
12th week post-fertilization stage,alveolar_top,15,PTPRG,1.680871605873108,1.5937513694713988e-11,biological,True,1
12th week post-fertilization stage,alveolar_top,16,ROS1,1.464963674545288,3.314634888766927e-11,biological,True,1
12th week post-fertilization stage,alveolar_top,17,PSD3,1.4893534183502197,3.3239325575847933e-11,biological,True,2
12th week post-fertilization stage,alveolar_top,18,PTPN13,1.460793137550354,4.277101971117948e-11,biological,True,4
12th week post-fertilization stage,alveolar_top,19,SLC4A4,1.7266393899917603,6.138510363198365e-11,biological,True,4
12th week post-fertilization stage,alveolar_top,20,NHSL1,1.3856186866760254,2.452804059859421e-10,biological,True,2
13th week post-fertilization stage,airway_top,1,SOX2,8.8817777633667,1.1783364538855238e-22,biological,True,5
13th week post-fertilization stage,airway_top,2,SCGB3A2,4.194672584533691,0.003751854508635069,biological,True,5
13th week post-fertilization stage,airway_top,3,ALCAM,1.9579699039459229,1.0,biological,True,5
13th week post-fertilization stage,airway_top,4,RPL27,2.069875717163086,1.0,ribosomal,False,0
13th week post-fertilization stage,airway_top,5,RPL15,1.774108648300171,1.0,ribosomal,False,0
13th week post-fertilization stage,airway_top,6,DAPK1,1.84786856174469,1.0,biological,True,1
13th week post-fertilization stage,airway_top,7,IGFBP5,2.4542393684387207,1.0,biological,True,1
13th week post-fertilization stage,airway_top,8,ZFP36L1,1.8162699937820435,1.0,biological,True,3
13th week post-fertilization stage,airway_top,9,JUN,2.5016355514526367,1.0,biological,True,5
13th week post-fertilization stage,airway_top,10,PTPRF,1.5673902034759521,1.0,biological,True,1
13th week post-fertilization stage,airway_top,11,GNAS,1.4816817045211792,1.0,housekeeping,False,0
13th week post-fertilization stage,airway_top,12,H19,1.7687475681304932,1.0,biological,True,5
13th week post-fertilization stage,airway_top,13,RPLP0,1.5345767736434937,1.0,biological,True,1
13th week post-fertilization stage,airway_top,14,RPS12,1.5128555297851562,1.0,ribosomal,False,0
13th week post-fertilization stage,airway_top,15,PDE4D,1.4959077835083008,1.0,biological,True,1
13th week post-fertilization stage,airway_top,16,PTP4A2,3.4025282859802246,1.0,biological,True,1
13th week post-fertilization stage,airway_top,17,GSTP1,1.688657283782959,1.0,biological,True,2
13th week post-fertilization stage,airway_top,18,NTN1,2.2215769290924072,1.0,biological,True,5
13th week post-fertilization stage,airway_top,19,RPS2,1.4935529232025146,1.0,ribosomal,False,0
13th week post-fertilization stage,airway_top,20,MAGI3,1.6071851253509521,1.0,biological,True,2
13th week post-fertilization stage,alveolar_top,1,SOX9,10.080772399902344,1.0665128834399569e-50,biological,True,5
13th week post-fertilization stage,alveolar_top,2,SFTPC,2.3925981521606445,0.001540195004851491,biological,True,5
13th week post-fertilization stage,alveolar_top,3,ETV5,1.9597117900848389,0.034905277891588045,biological,True,5
13th week post-fertilization stage,alveolar_top,4,PTPN13,1.7511541843414307,0.13079265671253143,biological,True,4
13th week post-fertilization stage,alveolar_top,5,WIF1,1.8874484300613403,0.13079265671253143,biological,True,3
13th week post-fertilization stage,alveolar_top,6,TPPP3,2.3004231452941895,0.1908308115360829,biological,True,4
13th week post-fertilization stage,alveolar_top,7,RPL30,1.4468897581100464,0.5468672714131279,ribosomal,False,0
13th week post-fertilization stage,alveolar_top,8,SEL1L3,1.6782867908477783,0.5545181765495718,biological,True,5
13th week post-fertilization stage,alveolar_top,9,TMSB10,1.3865716457366943,1.0,housekeeping,False,0
13th week post-fertilization stage,alveolar_top,10,CALR,1.3716607093811035,1.0,biological,True,1
13th week post-fertilization stage,alveolar_top,11,PIK3C2G,1.5606400966644287,1.0,biological,True,4
13th week post-fertilization stage,alveolar_top,12,HAS3,2.3573672771453857,1.0,biological,True,1
13th week post-fertilization stage,alveolar_top,13,CD63,1.5253643989562988,1.0,biological,True,1
13th week post-fertilization stage,alveolar_top,14,SPARC,1.3656197786331177,1.0,biological,True,1
13th week post-fertilization stage,alveolar_top,15,FCGRT,2.274691104888916,1.0,biological,True,1
13th week post-fertilization stage,alveolar_top,16,ATP11A,1.2880433797836304,1.0,biological,True,5
13th week post-fertilization stage,alveolar_top,17,DLC1,1.5315853357315063,1.0,biological,True,1
13th week post-fertilization stage,alveolar_top,18,CLU,1.5149294137954712,1.0,biological,True,1
13th week post-fertilization stage,alveolar_top,19,GAPDH,1.2822569608688354,1.0,housekeeping,False,0
13th week post-fertilization stage,alveolar_top,20,SLC34A2,1.6472469568252563,1.0,biological,True,5
15th week post-fertilization stage,airway_top,1,SOX2,9.847172737121582,5.057814013017896e-141,biological,True,5
15th week post-fertilization stage,airway_top,2,SCGB3A2,3.640617847442627,5.658314570254059e-21,biological,True,5
15th week post-fertilization stage,airway_top,3,DMD,1.9334733486175537,4.306915005682396e-10,biological,True,4
15th week post-fertilization stage,airway_top,4,GPC5,1.6097164154052734,4.390278260332548e-08,biological,True,4
15th week post-fertilization stage,airway_top,5,ALCAM,1.4609960317611694,2.9138669149506977e-07,biological,True,5
15th week post-fertilization stage,airway_top,6,RBMS3,1.4185292720794678,0.00031806825723175995,biological,True,2
15th week post-fertilization stage,airway_top,7,GNAS,1.2156109809875488,0.0006593761312862354,housekeeping,False,0
15th week post-fertilization stage,airway_top,8,CLIC6,1.6990482807159424,0.0026113975365371464,biological,True,4
15th week post-fertilization stage,airway_top,9,NEDD4L,1.1436946392059326,0.0038997998220466515,biological,True,2
15th week post-fertilization stage,airway_top,10,NCKAP5,2.3119053840637207,0.005592007451530891,biological,True,2
15th week post-fertilization stage,airway_top,11,JUN,1.50526762008667,0.00785849002379267,biological,True,5
15th week post-fertilization stage,airway_top,12,H19,1.5106974840164185,0.012254382412225656,biological,True,5
15th week post-fertilization stage,airway_top,13,PCDH7,1.7492775917053223,0.012901702400974149,biological,True,1
15th week post-fertilization stage,airway_top,14,SECISBP2L,1.2971956729888916,0.07703691743600483,biological,True,2
15th week post-fertilization stage,airway_top,15,NTN1,2.5402464866638184,0.09610658071336131,biological,True,5
15th week post-fertilization stage,airway_top,16,CD47,1.4238113164901733,0.13158636893508682,biological,True,1
15th week post-fertilization stage,airway_top,17,ENTREP1,1.6885144710540771,0.1604812894240886,biological,True,1
15th week post-fertilization stage,airway_top,18,PTMA,1.3082951307296753,0.1663263223499478,biological,True,1
15th week post-fertilization stage,airway_top,19,GLCCI1,1.4667009115219116,0.18337731612079178,biological,True,1
15th week post-fertilization stage,airway_top,20,GPC6,1.995051622390747,0.24287760336426506,biological,True,1
15th week post-fertilization stage,alveolar_top,1,SOX9,10.290459632873535,0.0,biological,True,5
15th week post-fertilization stage,alveolar_top,2,DLG2,1.437862515449524,1.494081216123087e-28,biological,True,4
15th week post-fertilization stage,alveolar_top,3,ATP11A,1.1681861877441406,2.230525599014709e-22,biological,True,5
15th week post-fertilization stage,alveolar_top,4,SFTPC,1.318313717842102,1.6600842759617236e-21,biological,True,5
15th week post-fertilization stage,alveolar_top,5,PTPN13,1.07848060131073,2.1165361807660807e-15,biological,True,4
15th week post-fertilization stage,alveolar_top,6,SLC4A4,1.1439732313156128,5.872836294733339e-15,biological,True,4
15th week post-fertilization stage,alveolar_top,7,NPC2,1.187605857849121,1.9799365717866436e-14,biological,True,4
15th week post-fertilization stage,alveolar_top,8,FOXP2,0.880031943321228,7.085791749534547e-14,biological,True,3
15th week post-fertilization stage,alveolar_top,9,SLC34A2,1.2887290716171265,8.049021411287015e-13,biological,True,5
15th week post-fertilization stage,alveolar_top,10,ETV5,0.9897142052650452,4.556701194675695e-12,biological,True,5
15th week post-fertilization stage,alveolar_top,11,NHSL1,0.9501396417617798,6.740353797778385e-12,biological,True,2
15th week post-fertilization stage,alveolar_top,12,RPLP1,0.9367305636405945,7.701073766668833e-12,biological,True,1
15th week post-fertilization stage,alveolar_top,13,CCSER1,0.9719762206077576,1.3921125142228723e-11,biological,True,2
15th week post-fertilization stage,alveolar_top,14,SEL1L3,0.9328891634941101,6.948523064014706e-11,biological,True,5
15th week post-fertilization stage,alveolar_top,15,WIF1,0.9134438037872314,2.1127707709573603e-10,biological,True,3
15th week post-fertilization stage,alveolar_top,16,HS2ST1,0.9284170866012573,6.208169308575544e-10,biological,True,1
15th week post-fertilization stage,alveolar_top,17,TESC,1.4889906644821167,1.137072016587061e-09,biological,True,1
15th week post-fertilization stage,alveolar_top,18,COL11A1,1.1564879417419434,1.137072016587061e-09,biological,True,3
15th week post-fertilization stage,alveolar_top,19,RNF220,0.9050000309944153,1.3985614579467537e-09,biological,True,1
15th week post-fertilization stage,alveolar_top,20,PIK3C2G,1.1047790050506592,1.662278949736357e-09,biological,True,4
16th week post-fertilization stage,airway_top,1,SOX2,9.66801643371582,1.2434915360079526e-82,biological,True,5
16th week post-fertilization stage,airway_top,2,SCGB3A2,3.572195053100586,8.328407586377683e-13,biological,True,5
16th week post-fertilization stage,airway_top,3,H19,2.114147186279297,3.323091088355289e-07,biological,True,5
16th week post-fertilization stage,airway_top,4,JUN,1.9879608154296875,2.4190555483754593e-05,biological,True,5
16th week post-fertilization stage,airway_top,5,CLIC6,2.211094379425049,0.006564158854244057,biological,True,4
16th week post-fertilization stage,airway_top,6,IGF2,2.4351320266723633,0.0213120507673566,biological,True,1
16th week post-fertilization stage,airway_top,7,GPC5,1.3781598806381226,0.0213120507673566,biological,True,4
16th week post-fertilization stage,airway_top,8,JUND,1.9125066995620728,0.0213120507673566,biological,True,1
16th week post-fertilization stage,airway_top,9,DMD,1.5152631998062134,0.029353140684551395,biological,True,4
16th week post-fertilization stage,airway_top,10,RBMS3,1.4093183279037476,0.0392701689131528,biological,True,2
16th week post-fertilization stage,airway_top,11,NTN1,2.401695728302002,0.0521200418132875,biological,True,5
16th week post-fertilization stage,airway_top,12,RPLP1,1.219718098640442,0.09158137023805535,biological,True,1
16th week post-fertilization stage,airway_top,13,ALCAM,1.2431179285049438,0.1021259213186305,biological,True,5
16th week post-fertilization stage,airway_top,14,RPS11,1.221181035041809,0.12854227506497426,ribosomal,False,0
16th week post-fertilization stage,airway_top,15,BTG2,2.3167433738708496,0.14381623436841293,biological,True,1
16th week post-fertilization stage,airway_top,16,GSTP1,1.347839117050171,0.16338450846571348,biological,True,2
16th week post-fertilization stage,airway_top,17,ZFP36L1,1.3106659650802612,0.17031201845260216,biological,True,3
16th week post-fertilization stage,airway_top,18,LMO7,1.3697408437728882,0.23537691466089014,biological,True,1
16th week post-fertilization stage,airway_top,19,EGR1,2.259655475616455,0.23641239836662198,biological,True,1
16th week post-fertilization stage,airway_top,20,HNRNPA2B1,1.3377420902252197,0.25624607557942203,biological,True,1
16th week post-fertilization stage,alveolar_top,1,SOX9,9.5140962600708,9.393610570737856e-224,biological,True,5
16th week post-fertilization stage,alveolar_top,2,SFTPC,2.565300464630127,1.4572660413750484e-37,biological,True,5
16th week post-fertilization stage,alveolar_top,3,NPC2,1.9381769895553589,4.433782500517486e-19,biological,True,4
16th week post-fertilization stage,alveolar_top,4,ETV5,1.65964937210083,2.600835288301667e-13,biological,True,5
16th week post-fertilization stage,alveolar_top,5,ATP11A,1.4147825241088867,2.3312783907349226e-10,biological,True,5
16th week post-fertilization stage,alveolar_top,6,WIF1,1.493420958518982,1.1766808248145477e-09,biological,True,3
16th week post-fertilization stage,alveolar_top,7,DLG2,1.4479451179504395,1.1766808248145477e-09,biological,True,4
16th week post-fertilization stage,alveolar_top,8,WWC1,1.2981983423233032,2.34653841526744e-07,biological,True,2
16th week post-fertilization stage,alveolar_top,9,HNRNPA1,1.2414238452911377,4.694842430597177e-07,housekeeping,False,0
16th week post-fertilization stage,alveolar_top,10,GAPDH,1.2472656965255737,4.694842430597177e-07,housekeeping,False,0
16th week post-fertilization stage,alveolar_top,11,SLC34A2,1.4839924573898315,6.653127659298692e-07,biological,True,5
16th week post-fertilization stage,alveolar_top,12,SLC4A4,1.3309229612350464,4.843240315798562e-06,biological,True,4
16th week post-fertilization stage,alveolar_top,13,PIK3C2G,1.3142297267913818,6.830317707370771e-06,biological,True,4
16th week post-fertilization stage,alveolar_top,14,RPLP2,1.1698367595672607,1.1747885700744593e-05,biological,True,1
16th week post-fertilization stage,alveolar_top,15,TPPP3,1.7214356660842896,1.550595560860335e-05,biological,True,4
16th week post-fertilization stage,alveolar_top,16,SEL1L3,1.3042711019515991,1.733902978603686e-05,biological,True,5
16th week post-fertilization stage,alveolar_top,17,CCSER1,1.31186842918396,1.9461863226427394e-05,biological,True,2
16th week post-fertilization stage,alveolar_top,18,COL11A1,1.7654167413711548,2.325419538115688e-05,biological,True,3
16th week post-fertilization stage,alveolar_top,19,FAM184A,1.2381949424743652,2.596017957045699e-05,biological,True,2
16th week post-fertilization stage,alveolar_top,20,FOXP2,1.041683316230774,2.662495490113131e-05,biological,True,3
17th week post-fertilization stage,airway_top,1,SOX2,9.871688842773438,1.2696825218488203e-133,biological,True,5
17th week post-fertilization stage,airway_top,2,SCGB3A2,4.296117305755615,6.112652567743644e-26,biological,True,5
17th week post-fertilization stage,airway_top,3,H19,2.219792366027832,2.8724419972593945e-15,biological,True,5
17th week post-fertilization stage,airway_top,4,JUN,1.8500545024871826,1.7200338447503017e-10,biological,True,5
17th week post-fertilization stage,airway_top,5,CNTN4,2.629085063934326,5.37051722450976e-06,biological,True,2
17th week post-fertilization stage,airway_top,6,SFTPB,1.1473699808120728,4.258349853401627e-05,biological,True,1
17th week post-fertilization stage,airway_top,7,GPC5,1.3608288764953613,4.7463776175360986e-05,biological,True,4
17th week post-fertilization stage,airway_top,8,ZFP36L1,1.404172420501709,0.00010579427463145681,biological,True,3
17th week post-fertilization stage,airway_top,9,CLIC6,2.16432523727417,0.00030385791129034374,biological,True,4
17th week post-fertilization stage,airway_top,10,DMD,1.5599123239517212,0.00031395862898864056,biological,True,4
17th week post-fertilization stage,airway_top,11,ALCAM,1.1746623516082764,0.0010701812741776917,biological,True,5
17th week post-fertilization stage,airway_top,12,NTN1,3.0156338214874268,0.002097315828767319,biological,True,5
17th week post-fertilization stage,airway_top,13,SPTBN1,1.1895663738250732,0.004093645357451655,biological,True,1
17th week post-fertilization stage,airway_top,14,ERBB4,1.6306095123291016,0.009429928819621701,biological,True,2
17th week post-fertilization stage,airway_top,15,ATP1B1,1.1915359497070312,0.014808659843242675,biological,True,1
17th week post-fertilization stage,airway_top,16,NEDD4L,1.0834707021713257,0.021534697159699145,biological,True,2
17th week post-fertilization stage,airway_top,17,BMP3,1.538467288017273,0.021534697159699145,biological,True,2
17th week post-fertilization stage,airway_top,18,NCKAP5,2.0185515880584717,0.02484180368699159,biological,True,2
17th week post-fertilization stage,airway_top,19,GDF15,2.4307615756988525,0.02484180368699159,biological,True,1
17th week post-fertilization stage,airway_top,20,PTPRD,1.0557031631469727,0.04079626508959289,biological,True,1
17th week post-fertilization stage,alveolar_top,1,SOX9,10.690695762634277,0.0,biological,True,5
17th week post-fertilization stage,alveolar_top,2,SFTPC,2.140275239944458,1.2625618677891494e-73,biological,True,5
17th week post-fertilization stage,alveolar_top,3,DLG2,1.649833083152771,2.0414148175759418e-41,biological,True,4
17th week post-fertilization stage,alveolar_top,4,ETV5,1.5188915729522705,7.4740411034798565e-34,biological,True,5
17th week post-fertilization stage,alveolar_top,5,PIK3C2G,1.629396915435791,1.7644286892402666e-31,biological,True,4
17th week post-fertilization stage,alveolar_top,6,NPC2,1.4292848110198975,1.1142442074389244e-30,biological,True,4
17th week post-fertilization stage,alveolar_top,7,ATP11A,1.2714120149612427,2.2930782951912337e-26,biological,True,5
17th week post-fertilization stage,alveolar_top,8,PTPN13,1.371693730354309,3.884082343062532e-25,biological,True,4
17th week post-fertilization stage,alveolar_top,9,SEL1L3,1.2885371446609497,2.491914703148102e-22,biological,True,5
17th week post-fertilization stage,alveolar_top,10,SLC4A4,1.256354808807373,7.607304055388404e-20,biological,True,4
17th week post-fertilization stage,alveolar_top,11,ZNRF3,1.222442865371704,6.04628948214246e-19,biological,True,1
17th week post-fertilization stage,alveolar_top,12,SLC34A2,1.1758219003677368,1.0159347772155796e-18,biological,True,5
17th week post-fertilization stage,alveolar_top,13,TMEM245,1.2682501077651978,2.062892107728528e-18,biological,True,1
17th week post-fertilization stage,alveolar_top,14,CD36,1.193258285522461,2.45481211996472e-17,biological,True,1
17th week post-fertilization stage,alveolar_top,15,ITGA2,1.4358937740325928,4.2007635378587924e-17,biological,True,1
17th week post-fertilization stage,alveolar_top,16,TPPP3,1.4317694902420044,1.1887024520567904e-16,biological,True,4
17th week post-fertilization stage,alveolar_top,17,TRIM24,1.31040620803833,1.7801283579638083e-16,biological,True,1
17th week post-fertilization stage,alveolar_top,18,PTPRD,1.0832055807113647,3.591731331465474e-16,biological,True,1
17th week post-fertilization stage,alveolar_top,19,PSD3,1.2060171365737915,6.520078949495271e-16,biological,True,2
17th week post-fertilization stage,alveolar_top,20,RPS21,1.0327370166778564,2.525903333311308e-15,ribosomal,False,0
