stage,class,threshold,denominator,n_cells,fraction
12th week post-fertilization stage,annotated_airway,n/a,total_epithelial,18,0.0066518847006651885
12th week post-fertilization stage,annotated_alveolar,n/a,total_epithelial,0,0.0
12th week post-fertilization stage,candidate_pool_total,n/a,total_epithelial,2688,0.9933481152993349
12th week post-fertilization stage,candidate_bipotent,relaxed,total_epithelial,12,0.004434589800443459
12th week post-fertilization stage,candidate_bipotent,relaxed,candidate_pool,12,0.004464285714285714
12th week post-fertilization stage,transitioning_airway,relaxed,total_epithelial,121,0.044715447154471545
12th week post-fertilization stage,transitioning_airway,relaxed,candidate_pool,121,0.04501488095238095
12th week post-fertilization stage,transitioning_alveolar,relaxed,total_epithelial,410,0.15151515151515152
12th week post-fertilization stage,transitioning_alveolar,relaxed,candidate_pool,410,0.15252976190476192
12th week post-fertilization stage,undefined,relaxed,total_epithelial,2145,0.7926829268292683
12th week post-fertilization stage,undefined,relaxed,candidate_pool,2145,0.7979910714285714
12th week post-fertilization stage,candidate_bipotent,moderate,total_epithelial,12,0.004434589800443459
12th week post-fertilization stage,candidate_bipotent,moderate,candidate_pool,12,0.004464285714285714
12th week post-fertilization stage,transitioning_airway,moderate,total_epithelial,121,0.044715447154471545
12th week post-fertilization stage,transitioning_airway,moderate,candidate_pool,121,0.04501488095238095
12th week post-fertilization stage,transitioning_alveolar,moderate,total_epithelial,410,0.15151515151515152
12th week post-fertilization stage,transitioning_alveolar,moderate,candidate_pool,410,0.15252976190476192
12th week post-fertilization stage,undefined,moderate,total_epithelial,2145,0.7926829268292683
12th week post-fertilization stage,undefined,moderate,candidate_pool,2145,0.7979910714285714
12th week post-fertilization stage,candidate_bipotent,stringent,total_epithelial,12,0.004434589800443459
12th week post-fertilization stage,candidate_bipotent,stringent,candidate_pool,12,0.004464285714285714
12th week post-fertilization stage,transitioning_airway,stringent,total_epithelial,121,0.044715447154471545
12th week post-fertilization stage,transitioning_airway,stringent,candidate_pool,121,0.04501488095238095
12th week post-fertilization stage,transitioning_alveolar,stringent,total_epithelial,410,0.15151515151515152
12th week post-fertilization stage,transitioning_alveolar,stringent,candidate_pool,410,0.15252976190476192
12th week post-fertilization stage,undefined,stringent,total_epithelial,2145,0.7926829268292683
12th week post-fertilization stage,undefined,stringent,candidate_pool,2145,0.7979910714285714
13th week post-fertilization stage,annotated_airway,n/a,total_epithelial,18,0.025495750708215296
13th week post-fertilization stage,annotated_alveolar,n/a,total_epithelial,0,0.0
13th week post-fertilization stage,candidate_pool_total,n/a,total_epithelial,688,0.9745042492917847
13th week post-fertilization stage,candidate_bipotent,relaxed,total_epithelial,5,0.007082152974504249
13th week post-fertilization stage,candidate_bipotent,relaxed,candidate_pool,5,0.007267441860465116
13th week post-fertilization stage,transitioning_airway,relaxed,total_epithelial,43,0.060906515580736544
13th week post-fertilization stage,transitioning_airway,relaxed,candidate_pool,43,0.0625
13th week post-fertilization stage,transitioning_alveolar,relaxed,total_epithelial,96,0.1359773371104816
13th week post-fertilization stage,transitioning_alveolar,relaxed,candidate_pool,96,0.13953488372093023
13th week post-fertilization stage,undefined,relaxed,total_epithelial,544,0.7705382436260623
13th week post-fertilization stage,undefined,relaxed,candidate_pool,544,0.7906976744186046
13th week post-fertilization stage,candidate_bipotent,moderate,total_epithelial,5,0.007082152974504249
13th week post-fertilization stage,candidate_bipotent,moderate,candidate_pool,5,0.007267441860465116
13th week post-fertilization stage,transitioning_airway,moderate,total_epithelial,43,0.060906515580736544
13th week post-fertilization stage,transitioning_airway,moderate,candidate_pool,43,0.0625
13th week post-fertilization stage,transitioning_alveolar,moderate,total_epithelial,96,0.1359773371104816
13th week post-fertilization stage,transitioning_alveolar,moderate,candidate_pool,96,0.13953488372093023
13th week post-fertilization stage,undefined,moderate,total_epithelial,544,0.7705382436260623
13th week post-fertilization stage,undefined,moderate,candidate_pool,544,0.7906976744186046
13th week post-fertilization stage,candidate_bipotent,stringent,total_epithelial,5,0.007082152974504249
13th week post-fertilization stage,candidate_bipotent,stringent,candidate_pool,5,0.007267441860465116
13th week post-fertilization stage,transitioning_airway,stringent,total_epithelial,43,0.060906515580736544
13th week post-fertilization stage,transitioning_airway,stringent,candidate_pool,43,0.0625
13th week post-fertilization stage,transitioning_alveolar,stringent,total_epithelial,96,0.1359773371104816
13th week post-fertilization stage,transitioning_alveolar,stringent,candidate_pool,96,0.13953488372093023
13th week post-fertilization stage,undefined,stringent,total_epithelial,544,0.7705382436260623
13th week post-fertilization stage,undefined,stringent,candidate_pool,544,0.7906976744186046
15th week post-fertilization stage,annotated_airway,n/a,total_epithelial,261,0.03194223473259087
15th week post-fertilization stage,annotated_alveolar,n/a,total_epithelial,0,0.0
15th week post-fertilization stage,candidate_pool_total,n/a,total_epithelial,7910,0.9680577652674092
15th week post-fertilization stage,candidate_bipotent,relaxed,total_epithelial,33,0.004038673356994248
15th week post-fertilization stage,candidate_bipotent,relaxed,candidate_pool,33,0.004171934260429835
15th week post-fertilization stage,transitioning_airway,relaxed,total_epithelial,229,0.02802594541671766
15th week post-fertilization stage,transitioning_airway,relaxed,candidate_pool,229,0.02895069532237674
15th week post-fertilization stage,transitioning_alveolar,relaxed,total_epithelial,1071,0.1310733080406315
15th week post-fertilization stage,transitioning_alveolar,relaxed,candidate_pool,1071,0.13539823008849558
15th week post-fertilization stage,undefined,relaxed,total_epithelial,6577,0.8049198384530657
15th week post-fertilization stage,undefined,relaxed,candidate_pool,6577,0.8314791403286979
15th week post-fertilization stage,candidate_bipotent,moderate,total_epithelial,33,0.004038673356994248
15th week post-fertilization stage,candidate_bipotent,moderate,candidate_pool,33,0.004171934260429835
15th week post-fertilization stage,transitioning_airway,moderate,total_epithelial,229,0.02802594541671766
15th week post-fertilization stage,transitioning_airway,moderate,candidate_pool,229,0.02895069532237674
15th week post-fertilization stage,transitioning_alveolar,moderate,total_epithelial,1071,0.1310733080406315
15th week post-fertilization stage,transitioning_alveolar,moderate,candidate_pool,1071,0.13539823008849558
15th week post-fertilization stage,undefined,moderate,total_epithelial,6577,0.8049198384530657
15th week post-fertilization stage,undefined,moderate,candidate_pool,6577,0.8314791403286979
15th week post-fertilization stage,candidate_bipotent,stringent,total_epithelial,33,0.004038673356994248
15th week post-fertilization stage,candidate_bipotent,stringent,candidate_pool,33,0.004171934260429835
15th week post-fertilization stage,transitioning_airway,stringent,total_epithelial,229,0.02802594541671766
15th week post-fertilization stage,transitioning_airway,stringent,candidate_pool,229,0.02895069532237674
15th week post-fertilization stage,transitioning_alveolar,stringent,total_epithelial,1071,0.1310733080406315
15th week post-fertilization stage,transitioning_alveolar,stringent,candidate_pool,1071,0.13539823008849558
15th week post-fertilization stage,undefined,stringent,total_epithelial,6577,0.8049198384530657
15th week post-fertilization stage,undefined,stringent,candidate_pool,6577,0.8314791403286979
16th week post-fertilization stage,annotated_airway,n/a,total_epithelial,102,0.029184549356223177
16th week post-fertilization stage,annotated_alveolar,n/a,total_epithelial,0,0.0
16th week post-fertilization stage,candidate_pool_total,n/a,total_epithelial,3393,0.9708154506437768
16th week post-fertilization stage,candidate_bipotent,relaxed,total_epithelial,20,0.005722460658082976
16th week post-fertilization stage,candidate_bipotent,relaxed,candidate_pool,20,0.0058944886531093425
16th week post-fertilization stage,transitioning_airway,relaxed,total_epithelial,138,0.039484978540772535
16th week post-fertilization stage,transitioning_airway,relaxed,candidate_pool,138,0.040671971706454466
16th week post-fertilization stage,transitioning_alveolar,relaxed,total_epithelial,397,0.11359084406294706
16th week post-fertilization stage,transitioning_alveolar,relaxed,candidate_pool,397,0.11700559976422045
16th week post-fertilization stage,undefined,relaxed,total_epithelial,2838,0.8120171673819743
16th week post-fertilization stage,undefined,relaxed,candidate_pool,2838,0.8364279398762158
16th week post-fertilization stage,candidate_bipotent,moderate,total_epithelial,20,0.005722460658082976
16th week post-fertilization stage,candidate_bipotent,moderate,candidate_pool,20,0.0058944886531093425
16th week post-fertilization stage,transitioning_airway,moderate,total_epithelial,138,0.039484978540772535
16th week post-fertilization stage,transitioning_airway,moderate,candidate_pool,138,0.040671971706454466
16th week post-fertilization stage,transitioning_alveolar,moderate,total_epithelial,397,0.11359084406294706
16th week post-fertilization stage,transitioning_alveolar,moderate,candidate_pool,397,0.11700559976422045
16th week post-fertilization stage,undefined,moderate,total_epithelial,2838,0.8120171673819743
16th week post-fertilization stage,undefined,moderate,candidate_pool,2838,0.8364279398762158
16th week post-fertilization stage,candidate_bipotent,stringent,total_epithelial,20,0.005722460658082976
16th week post-fertilization stage,candidate_bipotent,stringent,candidate_pool,20,0.0058944886531093425
16th week post-fertilization stage,transitioning_airway,stringent,total_epithelial,138,0.039484978540772535
16th week post-fertilization stage,transitioning_airway,stringent,candidate_pool,138,0.040671971706454466
16th week post-fertilization stage,transitioning_alveolar,stringent,total_epithelial,397,0.11359084406294706
16th week post-fertilization stage,transitioning_alveolar,stringent,candidate_pool,397,0.11700559976422045
16th week post-fertilization stage,undefined,stringent,total_epithelial,2838,0.8120171673819743
16th week post-fertilization stage,undefined,stringent,candidate_pool,2838,0.8364279398762158
17th week post-fertilization stage,annotated_airway,n/a,total_epithelial,330,0.03154875717017208
17th week post-fertilization stage,annotated_alveolar,n/a,total_epithelial,0,0.0
17th week post-fertilization stage,candidate_pool_total,n/a,total_epithelial,10130,0.9684512428298279
17th week post-fertilization stage,candidate_bipotent,relaxed,total_epithelial,25,0.002390057361376673
17th week post-fertilization stage,candidate_bipotent,relaxed,candidate_pool,25,0.0024679170779861796
17th week post-fertilization stage,transitioning_airway,relaxed,total_epithelial,216,0.020650095602294454
17th week post-fertilization stage,transitioning_airway,relaxed,candidate_pool,216,0.021322803553800593
17th week post-fertilization stage,transitioning_alveolar,relaxed,total_epithelial,1067,0.1020076481835564
17th week post-fertilization stage,transitioning_alveolar,relaxed,candidate_pool,1067,0.10533070088845015
17th week post-fertilization stage,undefined,relaxed,total_epithelial,8822,0.8434034416826004
17th week post-fertilization stage,undefined,relaxed,candidate_pool,8822,0.8708785784797631
17th week post-fertilization stage,candidate_bipotent,moderate,total_epithelial,25,0.002390057361376673
17th week post-fertilization stage,candidate_bipotent,moderate,candidate_pool,25,0.0024679170779861796
17th week post-fertilization stage,transitioning_airway,moderate,total_epithelial,216,0.020650095602294454
17th week post-fertilization stage,transitioning_airway,moderate,candidate_pool,216,0.021322803553800593
17th week post-fertilization stage,transitioning_alveolar,moderate,total_epithelial,1067,0.1020076481835564
17th week post-fertilization stage,transitioning_alveolar,moderate,candidate_pool,1067,0.10533070088845015
17th week post-fertilization stage,undefined,moderate,total_epithelial,8822,0.8434034416826004
17th week post-fertilization stage,undefined,moderate,candidate_pool,8822,0.8708785784797631
17th week post-fertilization stage,candidate_bipotent,stringent,total_epithelial,25,0.002390057361376673
17th week post-fertilization stage,candidate_bipotent,stringent,candidate_pool,25,0.0024679170779861796
17th week post-fertilization stage,transitioning_airway,stringent,total_epithelial,216,0.020650095602294454
17th week post-fertilization stage,transitioning_airway,stringent,candidate_pool,216,0.021322803553800593
17th week post-fertilization stage,transitioning_alveolar,stringent,total_epithelial,1067,0.1020076481835564
17th week post-fertilization stage,transitioning_alveolar,stringent,candidate_pool,1067,0.10533070088845015
17th week post-fertilization stage,undefined,stringent,total_epithelial,8822,0.8434034416826004
17th week post-fertilization stage,undefined,stringent,candidate_pool,8822,0.8708785784797631
