substrate,view,stage,airway_bin,alveolar_bin,n_cells,fraction_of_view
he2022,all_epithelial,9th week post-fertilization stage,0,0,41,0.022790439132851583
he2022,all_epithelial,9th week post-fertilization stage,0,1,56,0.0311284046692607
he2022,all_epithelial,9th week post-fertilization stage,0,2,67,0.03724291272929405
he2022,all_epithelial,9th week post-fertilization stage,0,3,8,0.0044469149527515284
he2022,all_epithelial,9th week post-fertilization stage,0,4,0,0.0
he2022,all_epithelial,9th week post-fertilization stage,1,0,120,0.06670372429127293
he2022,all_epithelial,9th week post-fertilization stage,1,1,122,0.0678154530294608
he2022,all_epithelial,9th week post-fertilization stage,1,2,102,0.05669816564758199
he2022,all_epithelial,9th week post-fertilization stage,1,3,5,0.0027793218454697055
he2022,all_epithelial,9th week post-fertilization stage,1,4,0,0.0
he2022,all_epithelial,9th week post-fertilization stage,2,0,156,0.0867148415786548
he2022,all_epithelial,9th week post-fertilization stage,2,1,169,0.09394107837687604
he2022,all_epithelial,9th week post-fertilization stage,2,2,174,0.09672040022234575
he2022,all_epithelial,9th week post-fertilization stage,2,3,17,0.009449694274596998
he2022,all_epithelial,9th week post-fertilization stage,2,4,0,0.0
he2022,all_epithelial,9th week post-fertilization stage,3,0,92,0.05113952195664258
he2022,all_epithelial,9th week post-fertilization stage,3,1,120,0.06670372429127293
he2022,all_epithelial,9th week post-fertilization stage,3,2,114,0.06336853807670928
he2022,all_epithelial,9th week post-fertilization stage,3,3,2,0.0011117287381878821
he2022,all_epithelial,9th week post-fertilization stage,3,4,0,0.0
he2022,all_epithelial,9th week post-fertilization stage,4,0,143,0.07948860478043357
he2022,all_epithelial,9th week post-fertilization stage,4,1,136,0.07559755419677598
he2022,all_epithelial,9th week post-fertilization stage,4,2,150,0.08337965536409116
he2022,all_epithelial,9th week post-fertilization stage,4,3,5,0.0027793218454697055
he2022,all_epithelial,9th week post-fertilization stage,4,4,0,0.0
he2022,exiting_tip,9th week post-fertilization stage,0,0,7,0.008985879332477536
he2022,exiting_tip,9th week post-fertilization stage,0,1,9,0.011553273427471117
he2022,exiting_tip,9th week post-fertilization stage,0,2,8,0.010269576379974325
he2022,exiting_tip,9th week post-fertilization stage,0,3,1,0.0012836970474967907
he2022,exiting_tip,9th week post-fertilization stage,0,4,0,0.0
he2022,exiting_tip,9th week post-fertilization stage,1,0,28,0.03594351732991014
he2022,exiting_tip,9th week post-fertilization stage,1,1,29,0.037227214377406934
he2022,exiting_tip,9th week post-fertilization stage,1,2,19,0.024390243902439025
he2022,exiting_tip,9th week post-fertilization stage,1,3,0,0.0
he2022,exiting_tip,9th week post-fertilization stage,1,4,0,0.0
he2022,exiting_tip,9th week post-fertilization stage,2,0,70,0.08985879332477535
he2022,exiting_tip,9th week post-fertilization stage,2,1,53,0.06803594351732992
he2022,exiting_tip,9th week post-fertilization stage,2,2,25,0.03209242618741977
he2022,exiting_tip,9th week post-fertilization stage,2,3,1,0.0012836970474967907
he2022,exiting_tip,9th week post-fertilization stage,2,4,0,0.0
he2022,exiting_tip,9th week post-fertilization stage,3,0,64,0.0821566110397946
he2022,exiting_tip,9th week post-fertilization stage,3,1,55,0.07060333761232349
he2022,exiting_tip,9th week post-fertilization stage,3,2,43,0.055198973042362
he2022,exiting_tip,9th week post-fertilization stage,3,3,0,0.0
he2022,exiting_tip,9th week post-fertilization stage,3,4,0,0.0
he2022,exiting_tip,9th week post-fertilization stage,4,0,130,0.1668806161745828
he2022,exiting_tip,9th week post-fertilization stage,4,1,118,0.1514762516046213
he2022,exiting_tip,9th week post-fertilization stage,4,2,114,0.14634146341463414
he2022,exiting_tip,9th week post-fertilization stage,4,3,5,0.006418485237483954
he2022,exiting_tip,9th week post-fertilization stage,4,4,0,0.0
he2022,all_epithelial,11th week post-fertilization stage,0,0,8,0.003915810083210965
he2022,all_epithelial,11th week post-fertilization stage,0,1,22,0.010768477728830151
he2022,all_epithelial,11th week post-fertilization stage,0,2,127,0.06216348507097406
he2022,all_epithelial,11th week post-fertilization stage,0,3,50,0.024473813020068527
he2022,all_epithelial,11th week post-fertilization stage,0,4,0,0.0
he2022,all_epithelial,11th week post-fertilization stage,1,0,22,0.010768477728830151
he2022,all_epithelial,11th week post-fertilization stage,1,1,61,0.0298580518844836
he2022,all_epithelial,11th week post-fertilization stage,1,2,215,0.10523739598629467
he2022,all_epithelial,11th week post-fertilization stage,1,3,87,0.042584434654919234
he2022,all_epithelial,11th week post-fertilization stage,1,4,2,0.0009789525208027412
he2022,all_epithelial,11th week post-fertilization stage,2,0,60,0.02936857562408223
he2022,all_epithelial,11th week post-fertilization stage,2,1,96,0.04698972099853157
he2022,all_epithelial,11th week post-fertilization stage,2,2,242,0.11845325501713166
he2022,all_epithelial,11th week post-fertilization stage,2,3,137,0.06705824767498776
he2022,all_epithelial,11th week post-fertilization stage,2,4,2,0.0009789525208027412
he2022,all_epithelial,11th week post-fertilization stage,3,0,78,0.0381791483113069
he2022,all_epithelial,11th week post-fertilization stage,3,1,96,0.04698972099853157
he2022,all_epithelial,11th week post-fertilization stage,3,2,153,0.07488986784140969
he2022,all_epithelial,11th week post-fertilization stage,3,3,46,0.022515907978463045
he2022,all_epithelial,11th week post-fertilization stage,3,4,4,0.0019579050416054823
he2022,all_epithelial,11th week post-fertilization stage,4,0,110,0.05384238864415076
he2022,all_epithelial,11th week post-fertilization stage,4,1,151,0.07391091532060695
he2022,all_epithelial,11th week post-fertilization stage,4,2,223,0.10915320606950563
he2022,all_epithelial,11th week post-fertilization stage,4,3,51,0.024963289280469897
he2022,all_epithelial,11th week post-fertilization stage,4,4,0,0.0
he2022,exiting_tip,11th week post-fertilization stage,0,0,1,0.0012738853503184713
he2022,exiting_tip,11th week post-fertilization stage,0,1,5,0.006369426751592357
he2022,exiting_tip,11th week post-fertilization stage,0,2,9,0.011464968152866241
he2022,exiting_tip,11th week post-fertilization stage,0,3,1,0.0012738853503184713
he2022,exiting_tip,11th week post-fertilization stage,0,4,0,0.0
he2022,exiting_tip,11th week post-fertilization stage,1,0,6,0.007643312101910828
he2022,exiting_tip,11th week post-fertilization stage,1,1,13,0.016560509554140127
he2022,exiting_tip,11th week post-fertilization stage,1,2,19,0.024203821656050957
he2022,exiting_tip,11th week post-fertilization stage,1,3,6,0.007643312101910828
he2022,exiting_tip,11th week post-fertilization stage,1,4,0,0.0
he2022,exiting_tip,11th week post-fertilization stage,2,0,40,0.050955414012738856
he2022,exiting_tip,11th week post-fertilization stage,2,1,37,0.04713375796178344
he2022,exiting_tip,11th week post-fertilization stage,2,2,24,0.030573248407643312
he2022,exiting_tip,11th week post-fertilization stage,2,3,9,0.011464968152866241
he2022,exiting_tip,11th week post-fertilization stage,2,4,0,0.0
he2022,exiting_tip,11th week post-fertilization stage,3,0,72,0.09171974522292993
he2022,exiting_tip,11th week post-fertilization stage,3,1,64,0.08152866242038216
he2022,exiting_tip,11th week post-fertilization stage,3,2,50,0.06369426751592357
he2022,exiting_tip,11th week post-fertilization stage,3,3,2,0.0025477707006369425
he2022,exiting_tip,11th week post-fertilization stage,3,4,0,0.0
he2022,exiting_tip,11th week post-fertilization stage,4,0,101,0.1286624203821656
he2022,exiting_tip,11th week post-fertilization stage,4,1,138,0.17579617834394903
he2022,exiting_tip,11th week post-fertilization stage,4,2,162,0.20636942675159237
he2022,exiting_tip,11th week post-fertilization stage,4,3,26,0.033121019108280254
he2022,exiting_tip,11th week post-fertilization stage,4,4,0,0.0
he2022,all_epithelial,15th week post-fertilization stage,0,0,0,0.0
he2022,all_epithelial,15th week post-fertilization stage,0,1,0,0.0
he2022,all_epithelial,15th week post-fertilization stage,0,2,14,0.007287870900572618
he2022,all_epithelial,15th week post-fertilization stage,0,3,266,0.13846954711087975
he2022,all_epithelial,15th week post-fertilization stage,0,4,259,0.13482561166059345
he2022,all_epithelial,15th week post-fertilization stage,1,0,3,0.0015616866215512754
he2022,all_epithelial,15th week post-fertilization stage,1,1,1,0.0005205622071837585
he2022,all_epithelial,15th week post-fertilization stage,1,2,22,0.011452368558042686
he2022,all_epithelial,15th week post-fertilization stage,1,3,274,0.14263404476834982
he2022,all_epithelial,15th week post-fertilization stage,1,4,249,0.12961998958875587
he2022,all_epithelial,15th week post-fertilization stage,2,0,10,0.0052056220718375845
he2022,all_epithelial,15th week post-fertilization stage,2,1,17,0.008849557522123894
he2022,all_epithelial,15th week post-fertilization stage,2,2,27,0.014055179593961478
he2022,all_epithelial,15th week post-fertilization stage,2,3,157,0.08172826652785008
he2022,all_epithelial,15th week post-fertilization stage,2,4,144,0.07496095783446122
he2022,all_epithelial,15th week post-fertilization stage,3,0,66,0.03435710567412806
he2022,all_epithelial,15th week post-fertilization stage,3,1,70,0.03643935450286309
he2022,all_epithelial,15th week post-fertilization stage,3,2,42,0.021863612701717855
he2022,all_epithelial,15th week post-fertilization stage,3,3,46,0.02394586153045289
he2022,all_epithelial,15th week post-fertilization stage,3,4,28,0.014575741801145237
he2022,all_epithelial,15th week post-fertilization stage,4,0,34,0.017699115044247787
he2022,all_epithelial,15th week post-fertilization stage,4,1,57,0.029672045809474232
he2022,all_epithelial,15th week post-fertilization stage,4,2,51,0.02654867256637168
he2022,all_epithelial,15th week post-fertilization stage,4,3,79,0.04112441436751692
he2022,all_epithelial,15th week post-fertilization stage,4,4,5,0.0026028110359187923
he2022,exiting_tip,15th week post-fertilization stage,0,0,0,0.0
he2022,exiting_tip,15th week post-fertilization stage,0,1,0,0.0
he2022,exiting_tip,15th week post-fertilization stage,0,2,1,0.0018281535648994515
he2022,exiting_tip,15th week post-fertilization stage,0,3,22,0.04021937842778794
he2022,exiting_tip,15th week post-fertilization stage,0,4,10,0.018281535648994516
he2022,exiting_tip,15th week post-fertilization stage,1,0,2,0.003656307129798903
he2022,exiting_tip,15th week post-fertilization stage,1,1,1,0.0018281535648994515
he2022,exiting_tip,15th week post-fertilization stage,1,2,4,0.007312614259597806
he2022,exiting_tip,15th week post-fertilization stage,1,3,19,0.03473491773308958
he2022,exiting_tip,15th week post-fertilization stage,1,4,12,0.021937842778793418
he2022,exiting_tip,15th week post-fertilization stage,2,0,9,0.016453382084095063
he2022,exiting_tip,15th week post-fertilization stage,2,1,16,0.029250457038391225
he2022,exiting_tip,15th week post-fertilization stage,2,2,15,0.027422303473491772
he2022,exiting_tip,15th week post-fertilization stage,2,3,23,0.04204753199268738
he2022,exiting_tip,15th week post-fertilization stage,2,4,16,0.029250457038391225
he2022,exiting_tip,15th week post-fertilization stage,3,0,66,0.1206581352833638
he2022,exiting_tip,15th week post-fertilization stage,3,1,69,0.12614259597806216
he2022,exiting_tip,15th week post-fertilization stage,3,2,35,0.06398537477148081
he2022,exiting_tip,15th week post-fertilization stage,3,3,20,0.03656307129798903
he2022,exiting_tip,15th week post-fertilization stage,3,4,6,0.010968921389396709
he2022,exiting_tip,15th week post-fertilization stage,4,0,34,0.062157221206581355
he2022,exiting_tip,15th week post-fertilization stage,4,1,54,0.09872029250457039
he2022,exiting_tip,15th week post-fertilization stage,4,2,46,0.08409506398537477
he2022,exiting_tip,15th week post-fertilization stage,4,3,66,0.1206581352833638
he2022,exiting_tip,15th week post-fertilization stage,4,4,1,0.0018281535648994515
he2022,all_epithelial,18th week post-fertilization stage,0,0,0,0.0
he2022,all_epithelial,18th week post-fertilization stage,0,1,3,0.0016556291390728477
he2022,all_epithelial,18th week post-fertilization stage,0,2,18,0.009933774834437087
he2022,all_epithelial,18th week post-fertilization stage,0,3,228,0.12582781456953643
he2022,all_epithelial,18th week post-fertilization stage,0,4,404,0.2229580573951435
he2022,all_epithelial,18th week post-fertilization stage,1,0,2,0.0011037527593818985
he2022,all_epithelial,18th week post-fertilization stage,1,1,1,0.0005518763796909492
he2022,all_epithelial,18th week post-fertilization stage,1,2,10,0.005518763796909493
he2022,all_epithelial,18th week post-fertilization stage,1,3,151,0.08333333333333333
he2022,all_epithelial,18th week post-fertilization stage,1,4,255,0.14072847682119205
he2022,all_epithelial,18th week post-fertilization stage,2,0,13,0.00717439293598234
he2022,all_epithelial,18th week post-fertilization stage,2,1,22,0.012141280353200883
he2022,all_epithelial,18th week post-fertilization stage,2,2,10,0.005518763796909493
he2022,all_epithelial,18th week post-fertilization stage,2,3,92,0.05077262693156733
he2022,all_epithelial,18th week post-fertilization stage,2,4,137,0.07560706401766004
he2022,all_epithelial,18th week post-fertilization stage,3,0,56,0.03090507726269316
he2022,all_epithelial,18th week post-fertilization stage,3,1,103,0.05684326710816777
he2022,all_epithelial,18th week post-fertilization stage,3,2,42,0.023178807947019868
he2022,all_epithelial,18th week post-fertilization stage,3,3,32,0.017660044150110375
he2022,all_epithelial,18th week post-fertilization stage,3,4,21,0.011589403973509934
he2022,all_epithelial,18th week post-fertilization stage,4,0,15,0.008278145695364239
he2022,all_epithelial,18th week post-fertilization stage,4,1,38,0.02097130242825607
he2022,all_epithelial,18th week post-fertilization stage,4,2,47,0.025938189845474614
he2022,all_epithelial,18th week post-fertilization stage,4,3,103,0.05684326710816777
he2022,all_epithelial,18th week post-fertilization stage,4,4,9,0.004966887417218543
he2022,exiting_tip,18th week post-fertilization stage,0,0,0,0.0
he2022,exiting_tip,18th week post-fertilization stage,0,1,3,0.003952569169960474
he2022,exiting_tip,18th week post-fertilization stage,0,2,12,0.015810276679841896
he2022,exiting_tip,18th week post-fertilization stage,0,3,62,0.08168642951251646
he2022,exiting_tip,18th week post-fertilization stage,0,4,48,0.06324110671936758
he2022,exiting_tip,18th week post-fertilization stage,1,0,2,0.002635046113306983
he2022,exiting_tip,18th week post-fertilization stage,1,1,1,0.0013175230566534915
he2022,exiting_tip,18th week post-fertilization stage,1,2,7,0.00922266139657444
he2022,exiting_tip,18th week post-fertilization stage,1,3,51,0.06719367588932806
he2022,exiting_tip,18th week post-fertilization stage,1,4,39,0.05138339920948617
he2022,exiting_tip,18th week post-fertilization stage,2,0,12,0.015810276679841896
he2022,exiting_tip,18th week post-fertilization stage,2,1,22,0.028985507246376812
he2022,exiting_tip,18th week post-fertilization stage,2,2,8,0.010540184453227932
he2022,exiting_tip,18th week post-fertilization stage,2,3,44,0.057971014492753624
he2022,exiting_tip,18th week post-fertilization stage,2,4,27,0.03557312252964427
he2022,exiting_tip,18th week post-fertilization stage,3,0,56,0.07378129117259552
he2022,exiting_tip,18th week post-fertilization stage,3,1,103,0.13570487483530963
he2022,exiting_tip,18th week post-fertilization stage,3,2,36,0.04743083003952569
he2022,exiting_tip,18th week post-fertilization stage,3,3,25,0.03293807641633729
he2022,exiting_tip,18th week post-fertilization stage,3,4,4,0.005270092226613966
he2022,exiting_tip,18th week post-fertilization stage,4,0,15,0.019762845849802372
he2022,exiting_tip,18th week post-fertilization stage,4,1,37,0.048748353096179184
he2022,exiting_tip,18th week post-fertilization stage,4,2,46,0.06060606060606061
he2022,exiting_tip,18th week post-fertilization stage,4,3,95,0.1251646903820817
he2022,exiting_tip,18th week post-fertilization stage,4,4,4,0.005270092226613966
he2022,all_epithelial,20th week post-fertilization stage,0,0,0,0.0
he2022,all_epithelial,20th week post-fertilization stage,0,1,2,0.002336448598130841
he2022,all_epithelial,20th week post-fertilization stage,0,2,1,0.0011682242990654205
he2022,all_epithelial,20th week post-fertilization stage,0,3,3,0.0035046728971962616
he2022,all_epithelial,20th week post-fertilization stage,0,4,58,0.06775700934579439
he2022,all_epithelial,20th week post-fertilization stage,1,0,0,0.0
he2022,all_epithelial,20th week post-fertilization stage,1,1,1,0.0011682242990654205
he2022,all_epithelial,20th week post-fertilization stage,1,2,2,0.002336448598130841
he2022,all_epithelial,20th week post-fertilization stage,1,3,3,0.0035046728971962616
he2022,all_epithelial,20th week post-fertilization stage,1,4,27,0.03154205607476635
he2022,all_epithelial,20th week post-fertilization stage,2,0,12,0.014018691588785047
he2022,all_epithelial,20th week post-fertilization stage,2,1,16,0.018691588785046728
he2022,all_epithelial,20th week post-fertilization stage,2,2,6,0.007009345794392523
he2022,all_epithelial,20th week post-fertilization stage,2,3,2,0.002336448598130841
he2022,all_epithelial,20th week post-fertilization stage,2,4,11,0.012850467289719626
he2022,all_epithelial,20th week post-fertilization stage,3,0,151,0.1764018691588785
he2022,all_epithelial,20th week post-fertilization stage,3,1,186,0.21728971962616822
he2022,all_epithelial,20th week post-fertilization stage,3,2,22,0.02570093457943925
he2022,all_epithelial,20th week post-fertilization stage,3,3,5,0.005841121495327103
he2022,all_epithelial,20th week post-fertilization stage,3,4,0,0.0
he2022,all_epithelial,20th week post-fertilization stage,4,0,80,0.09345794392523364
he2022,all_epithelial,20th week post-fertilization stage,4,1,167,0.19509345794392524
he2022,all_epithelial,20th week post-fertilization stage,4,2,57,0.06658878504672897
he2022,all_epithelial,20th week post-fertilization stage,4,3,43,0.05023364485981308
he2022,all_epithelial,20th week post-fertilization stage,4,4,1,0.0011682242990654205
he2022,exiting_tip,20th week post-fertilization stage,0,0,0,0.0
he2022,exiting_tip,20th week post-fertilization stage,0,1,1,0.001288659793814433
he2022,exiting_tip,20th week post-fertilization stage,0,2,1,0.001288659793814433
he2022,exiting_tip,20th week post-fertilization stage,0,3,1,0.001288659793814433
he2022,exiting_tip,20th week post-fertilization stage,0,4,17,0.02190721649484536
he2022,exiting_tip,20th week post-fertilization stage,1,0,0,0.0
he2022,exiting_tip,20th week post-fertilization stage,1,1,1,0.001288659793814433
he2022,exiting_tip,20th week post-fertilization stage,1,2,2,0.002577319587628866
he2022,exiting_tip,20th week post-fertilization stage,1,3,2,0.002577319587628866
he2022,exiting_tip,20th week post-fertilization stage,1,4,7,0.00902061855670103
he2022,exiting_tip,20th week post-fertilization stage,2,0,12,0.015463917525773196
he2022,exiting_tip,20th week post-fertilization stage,2,1,16,0.020618556701030927
he2022,exiting_tip,20th week post-fertilization stage,2,2,5,0.006443298969072165
he2022,exiting_tip,20th week post-fertilization stage,2,3,0,0.0
he2022,exiting_tip,20th week post-fertilization stage,2,4,4,0.005154639175257732
he2022,exiting_tip,20th week post-fertilization stage,3,0,151,0.19458762886597938
he2022,exiting_tip,20th week post-fertilization stage,3,1,186,0.23969072164948454
he2022,exiting_tip,20th week post-fertilization stage,3,2,22,0.028350515463917526
he2022,exiting_tip,20th week post-fertilization stage,3,3,4,0.005154639175257732
he2022,exiting_tip,20th week post-fertilization stage,3,4,0,0.0
he2022,exiting_tip,20th week post-fertilization stage,4,0,80,0.10309278350515463
he2022,exiting_tip,20th week post-fertilization stage,4,1,166,0.21391752577319587
he2022,exiting_tip,20th week post-fertilization stage,4,2,56,0.07216494845360824
he2022,exiting_tip,20th week post-fertilization stage,4,3,42,0.05412371134020619
he2022,exiting_tip,20th week post-fertilization stage,4,4,0,0.0
he2022,all_epithelial,22nd week post-fertilization stage,0,0,1,0.0009208103130755065
he2022,all_epithelial,22nd week post-fertilization stage,0,1,0,0.0
he2022,all_epithelial,22nd week post-fertilization stage,0,2,3,0.0027624309392265192
he2022,all_epithelial,22nd week post-fertilization stage,0,3,47,0.0432780847145488
he2022,all_epithelial,22nd week post-fertilization stage,0,4,251,0.2311233885819521
he2022,all_epithelial,22nd week post-fertilization stage,1,0,4,0.003683241252302026
he2022,all_epithelial,22nd week post-fertilization stage,1,1,3,0.0027624309392265192
he2022,all_epithelial,22nd week post-fertilization stage,1,2,7,0.006445672191528545
he2022,all_epithelial,22nd week post-fertilization stage,1,3,23,0.02117863720073665
he2022,all_epithelial,22nd week post-fertilization stage,1,4,127,0.11694290976058933
he2022,all_epithelial,22nd week post-fertilization stage,2,0,9,0.008287292817679558
he2022,all_epithelial,22nd week post-fertilization stage,2,1,17,0.01565377532228361
he2022,all_epithelial,22nd week post-fertilization stage,2,2,3,0.0027624309392265192
he2022,all_epithelial,22nd week post-fertilization stage,2,3,12,0.011049723756906077
he2022,all_epithelial,22nd week post-fertilization stage,2,4,59,0.05432780847145488
he2022,all_epithelial,22nd week post-fertilization stage,3,0,110,0.10128913443830571
he2022,all_epithelial,22nd week post-fertilization stage,3,1,156,0.143646408839779
he2022,all_epithelial,22nd week post-fertilization stage,3,2,31,0.0285451197053407
he2022,all_epithelial,22nd week post-fertilization stage,3,3,9,0.008287292817679558
he2022,all_epithelial,22nd week post-fertilization stage,3,4,4,0.003683241252302026
he2022,all_epithelial,22nd week post-fertilization stage,4,0,30,0.027624309392265192
he2022,all_epithelial,22nd week post-fertilization stage,4,1,65,0.05985267034990792
he2022,all_epithelial,22nd week post-fertilization stage,4,2,36,0.03314917127071823
he2022,all_epithelial,22nd week post-fertilization stage,4,3,76,0.06998158379373849
he2022,all_epithelial,22nd week post-fertilization stage,4,4,3,0.0027624309392265192
he2022,exiting_tip,22nd week post-fertilization stage,0,0,1,0.0010976948408342481
he2022,exiting_tip,22nd week post-fertilization stage,0,1,0,0.0
he2022,exiting_tip,22nd week post-fertilization stage,0,2,1,0.0010976948408342481
he2022,exiting_tip,22nd week post-fertilization stage,0,3,45,0.04939626783754116
he2022,exiting_tip,22nd week post-fertilization stage,0,4,160,0.1756311745334797
he2022,exiting_tip,22nd week post-fertilization stage,1,0,4,0.0043907793633369925
he2022,exiting_tip,22nd week post-fertilization stage,1,1,3,0.003293084522502744
he2022,exiting_tip,22nd week post-fertilization stage,1,2,6,0.006586169045005488
he2022,exiting_tip,22nd week post-fertilization stage,1,3,23,0.025246981339187707
he2022,exiting_tip,22nd week post-fertilization stage,1,4,76,0.08342480790340286
he2022,exiting_tip,22nd week post-fertilization stage,2,0,9,0.009879253567508232
he2022,exiting_tip,22nd week post-fertilization stage,2,1,17,0.018660812294182216
he2022,exiting_tip,22nd week post-fertilization stage,2,2,3,0.003293084522502744
he2022,exiting_tip,22nd week post-fertilization stage,2,3,12,0.013172338090010977
he2022,exiting_tip,22nd week post-fertilization stage,2,4,36,0.03951701427003293
he2022,exiting_tip,22nd week post-fertilization stage,3,0,110,0.1207464324917673
he2022,exiting_tip,22nd week post-fertilization stage,3,1,153,0.16794731064763996
he2022,exiting_tip,22nd week post-fertilization stage,3,2,30,0.03293084522502744
he2022,exiting_tip,22nd week post-fertilization stage,3,3,9,0.009879253567508232
he2022,exiting_tip,22nd week post-fertilization stage,3,4,3,0.003293084522502744
he2022,exiting_tip,22nd week post-fertilization stage,4,0,30,0.03293084522502744
he2022,exiting_tip,22nd week post-fertilization stage,4,1,65,0.07135016465422613
he2022,exiting_tip,22nd week post-fertilization stage,4,2,36,0.03951701427003293
he2022,exiting_tip,22nd week post-fertilization stage,4,3,76,0.08342480790340286
he2022,exiting_tip,22nd week post-fertilization stage,4,4,3,0.003293084522502744
cao2020,all_epithelial,15th week post-fertilization stage,0,0,464,0.05678619508016155
cao2020,all_epithelial,15th week post-fertilization stage,0,1,531,0.06498592583527107
cao2020,all_epithelial,15th week post-fertilization stage,0,2,239,0.02924978582792804
cao2020,all_epithelial,15th week post-fertilization stage,0,3,338,0.041365805898910785
cao2020,all_epithelial,15th week post-fertilization stage,0,4,182,0.02227389548402888
cao2020,all_epithelial,15th week post-fertilization stage,1,0,612,0.07489903316607514
cao2020,all_epithelial,15th week post-fertilization stage,1,1,463,0.05666381103904051
cao2020,all_epithelial,15th week post-fertilization stage,1,2,302,0.03695998041855342
cao2020,all_epithelial,15th week post-fertilization stage,1,3,280,0.03426753151389059
cao2020,all_epithelial,15th week post-fertilization stage,1,4,150,0.018357606168155672
cao2020,all_epithelial,15th week post-fertilization stage,2,0,604,0.07391996083710684
cao2020,all_epithelial,15th week post-fertilization stage,2,1,348,0.04258964631012116
cao2020,all_epithelial,15th week post-fertilization stage,2,2,357,0.0436911026802105
cao2020,all_epithelial,15th week post-fertilization stage,2,3,201,0.0245991922653286
cao2020,all_epithelial,15th week post-fertilization stage,2,4,144,0.017623301921429444
cao2020,all_epithelial,15th week post-fertilization stage,3,0,444,0.05433851425774079
cao2020,all_epithelial,15th week post-fertilization stage,3,1,281,0.03438991555501163
cao2020,all_epithelial,15th week post-fertilization stage,3,2,323,0.039530045282095215
cao2020,all_epithelial,15th week post-fertilization stage,3,3,169,0.020682902949455392
cao2020,all_epithelial,15th week post-fertilization stage,3,4,123,0.015053237057887652
cao2020,all_epithelial,15th week post-fertilization stage,4,0,505,0.061803940766124096
cao2020,all_epithelial,15th week post-fertilization stage,4,1,490,0.05996818014930853
cao2020,all_epithelial,15th week post-fertilization stage,4,2,335,0.04099865377554767
cao2020,all_epithelial,15th week post-fertilization stage,4,3,205,0.025088728429812752
cao2020,all_epithelial,15th week post-fertilization stage,4,4,81,0.009913107330804064
cao2020,exiting_tip,15th week post-fertilization stage,0,0,199,0.05037974683544304
cao2020,exiting_tip,15th week post-fertilization stage,0,1,179,0.04531645569620253
cao2020,exiting_tip,15th week post-fertilization stage,0,2,92,0.02329113924050633
cao2020,exiting_tip,15th week post-fertilization stage,0,3,104,0.026329113924050632
cao2020,exiting_tip,15th week post-fertilization stage,0,4,43,0.010886075949367089
cao2020,exiting_tip,15th week post-fertilization stage,1,0,286,0.07240506329113924
cao2020,exiting_tip,15th week post-fertilization stage,1,1,209,0.05291139240506329
cao2020,exiting_tip,15th week post-fertilization stage,1,2,162,0.0410126582278481
cao2020,exiting_tip,15th week post-fertilization stage,1,3,96,0.02430379746835443
cao2020,exiting_tip,15th week post-fertilization stage,1,4,51,0.012911392405063291
cao2020,exiting_tip,15th week post-fertilization stage,2,0,284,0.07189873417721519
cao2020,exiting_tip,15th week post-fertilization stage,2,1,179,0.04531645569620253
cao2020,exiting_tip,15th week post-fertilization stage,2,2,166,0.0420253164556962
cao2020,exiting_tip,15th week post-fertilization stage,2,3,91,0.023037974683544304
cao2020,exiting_tip,15th week post-fertilization stage,2,4,59,0.014936708860759493
cao2020,exiting_tip,15th week post-fertilization stage,3,0,222,0.05620253164556962
cao2020,exiting_tip,15th week post-fertilization stage,3,1,134,0.033924050632911394
cao2020,exiting_tip,15th week post-fertilization stage,3,2,148,0.03746835443037975
cao2020,exiting_tip,15th week post-fertilization stage,3,3,67,0.016962025316455697
cao2020,exiting_tip,15th week post-fertilization stage,3,4,48,0.012151898734177215
cao2020,exiting_tip,15th week post-fertilization stage,4,0,395,0.1
cao2020,exiting_tip,15th week post-fertilization stage,4,1,350,0.08860759493670886
cao2020,exiting_tip,15th week post-fertilization stage,4,2,256,0.06481012658227848
cao2020,exiting_tip,15th week post-fertilization stage,4,3,109,0.02759493670886076
cao2020,exiting_tip,15th week post-fertilization stage,4,4,21,0.005316455696202532
cao2020,all_epithelial,16th week post-fertilization stage,0,0,40,0.011444921316165951
cao2020,all_epithelial,16th week post-fertilization stage,0,1,78,0.022317596566523604
cao2020,all_epithelial,16th week post-fertilization stage,0,2,84,0.0240343347639485
cao2020,all_epithelial,16th week post-fertilization stage,0,3,165,0.04721030042918455
cao2020,all_epithelial,16th week post-fertilization stage,0,4,153,0.04377682403433476
cao2020,all_epithelial,16th week post-fertilization stage,1,0,101,0.028898426323319026
cao2020,all_epithelial,16th week post-fertilization stage,1,1,89,0.025464949928469243
cao2020,all_epithelial,16th week post-fertilization stage,1,2,120,0.034334763948497854
cao2020,all_epithelial,16th week post-fertilization stage,1,3,150,0.04291845493562232
cao2020,all_epithelial,16th week post-fertilization stage,1,4,143,0.040915593705293275
cao2020,all_epithelial,16th week post-fertilization stage,2,0,114,0.03261802575107296
cao2020,all_epithelial,16th week post-fertilization stage,2,1,102,0.029184549356223177
cao2020,all_epithelial,16th week post-fertilization stage,2,2,182,0.052074391988555076
cao2020,all_epithelial,16th week post-fertilization stage,2,3,143,0.040915593705293275
cao2020,all_epithelial,16th week post-fertilization stage,2,4,179,0.05121602288984263
cao2020,all_epithelial,16th week post-fertilization stage,3,0,157,0.04492131616595136
cao2020,all_epithelial,16th week post-fertilization stage,3,1,151,0.04320457796852647
cao2020,all_epithelial,16th week post-fertilization stage,3,2,201,0.05751072961373391
cao2020,all_epithelial,16th week post-fertilization stage,3,3,156,0.04463519313304721
cao2020,all_epithelial,16th week post-fertilization stage,3,4,181,0.05178826895565093
cao2020,all_epithelial,16th week post-fertilization stage,4,0,64,0.018311874105865523
cao2020,all_epithelial,16th week post-fertilization stage,4,1,188,0.053791130185979974
cao2020,all_epithelial,16th week post-fertilization stage,4,2,203,0.0580829756795422
cao2020,all_epithelial,16th week post-fertilization stage,4,3,236,0.06752503576537912
cao2020,all_epithelial,16th week post-fertilization stage,4,4,115,0.032904148783977114
cao2020,exiting_tip,16th week post-fertilization stage,0,0,21,0.012440758293838863
cao2020,exiting_tip,16th week post-fertilization stage,0,1,26,0.015402843601895734
cao2020,exiting_tip,16th week post-fertilization stage,0,2,29,0.017180094786729858
cao2020,exiting_tip,16th week post-fertilization stage,0,3,42,0.024881516587677725
cao2020,exiting_tip,16th week post-fertilization stage,0,4,32,0.018957345971563982
cao2020,exiting_tip,16th week post-fertilization stage,1,0,48,0.02843601895734597
cao2020,exiting_tip,16th week post-fertilization stage,1,1,43,0.0254739336492891
cao2020,exiting_tip,16th week post-fertilization stage,1,2,60,0.035545023696682464
cao2020,exiting_tip,16th week post-fertilization stage,1,3,61,0.03613744075829384
cao2020,exiting_tip,16th week post-fertilization stage,1,4,39,0.0231042654028436
cao2020,exiting_tip,16th week post-fertilization stage,2,0,67,0.039691943127962086
cao2020,exiting_tip,16th week post-fertilization stage,2,1,54,0.031990521327014215
cao2020,exiting_tip,16th week post-fertilization stage,2,2,91,0.05390995260663507
cao2020,exiting_tip,16th week post-fertilization stage,2,3,57,0.03376777251184834
cao2020,exiting_tip,16th week post-fertilization stage,2,4,59,0.03495260663507109
cao2020,exiting_tip,16th week post-fertilization stage,3,0,87,0.05154028436018957
cao2020,exiting_tip,16th week post-fertilization stage,3,1,86,0.0509478672985782
cao2020,exiting_tip,16th week post-fertilization stage,3,2,102,0.06042654028436019
cao2020,exiting_tip,16th week post-fertilization stage,3,3,72,0.04265402843601896
cao2020,exiting_tip,16th week post-fertilization stage,3,4,77,0.04561611374407583
cao2020,exiting_tip,16th week post-fertilization stage,4,0,50,0.02962085308056872
cao2020,exiting_tip,16th week post-fertilization stage,4,1,137,0.0811611374407583
cao2020,exiting_tip,16th week post-fertilization stage,4,2,158,0.09360189573459715
cao2020,exiting_tip,16th week post-fertilization stage,4,3,155,0.09182464454976304
cao2020,exiting_tip,16th week post-fertilization stage,4,4,35,0.020734597156398103
cao2020,all_epithelial,17th week post-fertilization stage,0,0,108,0.010325047801147227
cao2020,all_epithelial,17th week post-fertilization stage,0,1,222,0.021223709369024856
cao2020,all_epithelial,17th week post-fertilization stage,0,2,269,0.025717017208413
cao2020,all_epithelial,17th week post-fertilization stage,0,3,579,0.05535372848948375
cao2020,all_epithelial,17th week post-fertilization stage,0,4,815,0.07791586998087954
cao2020,all_epithelial,17th week post-fertilization stage,1,0,160,0.015296367112810707
cao2020,all_epithelial,17th week post-fertilization stage,1,1,258,0.024665391969407265
cao2020,all_epithelial,17th week post-fertilization stage,1,2,410,0.03919694072657744
cao2020,all_epithelial,17th week post-fertilization stage,1,3,494,0.04722753346080306
cao2020,all_epithelial,17th week post-fertilization stage,1,4,732,0.06998087954110899
cao2020,all_epithelial,17th week post-fertilization stage,2,0,256,0.024474187380497132
cao2020,all_epithelial,17th week post-fertilization stage,2,1,260,0.0248565965583174
cao2020,all_epithelial,17th week post-fertilization stage,2,2,481,0.04598470363288719
cao2020,all_epithelial,17th week post-fertilization stage,2,3,493,0.04713193116634799
cao2020,all_epithelial,17th week post-fertilization stage,2,4,699,0.06682600382409178
cao2020,all_epithelial,17th week post-fertilization stage,3,0,285,0.027246653919694074
cao2020,all_epithelial,17th week post-fertilization stage,3,1,273,0.02609942638623327
cao2020,all_epithelial,17th week post-fertilization stage,3,2,523,0.05
cao2020,all_epithelial,17th week post-fertilization stage,3,3,503,0.04808795411089866
cao2020,all_epithelial,17th week post-fertilization stage,3,4,802,0.07667304015296367
cao2020,all_epithelial,17th week post-fertilization stage,4,0,154,0.014722753346080307
cao2020,all_epithelial,17th week post-fertilization stage,4,1,360,0.03441682600382409
cao2020,all_epithelial,17th week post-fertilization stage,4,2,441,0.04216061185468451
cao2020,all_epithelial,17th week post-fertilization stage,4,3,508,0.048565965583174
cao2020,all_epithelial,17th week post-fertilization stage,4,4,375,0.035850860420650096
cao2020,exiting_tip,17th week post-fertilization stage,0,0,68,0.012411023909472532
cao2020,exiting_tip,17th week post-fertilization stage,0,1,121,0.022084321956561417
cao2020,exiting_tip,17th week post-fertilization stage,0,2,151,0.027559773681328708
cao2020,exiting_tip,17th week post-fertilization stage,0,3,262,0.047818945062967695
cao2020,exiting_tip,17th week post-fertilization stage,0,4,257,0.04690636977550648
cao2020,exiting_tip,17th week post-fertilization stage,1,0,87,0.01587881000182515
cao2020,exiting_tip,17th week post-fertilization stage,1,1,144,0.02628216827888301
cao2020,exiting_tip,17th week post-fertilization stage,1,2,245,0.04471618908559956
cao2020,exiting_tip,17th week post-fertilization stage,1,3,247,0.04508121920058405
cao2020,exiting_tip,17th week post-fertilization stage,1,4,314,0.05730972805256434
cao2020,exiting_tip,17th week post-fertilization stage,2,0,149,0.027194743566344222
cao2020,exiting_tip,17th week post-fertilization stage,2,1,150,0.027377258623836467
cao2020,exiting_tip,17th week post-fertilization stage,2,2,255,0.04654133966052199
cao2020,exiting_tip,17th week post-fertilization stage,2,3,253,0.04617630954553751
cao2020,exiting_tip,17th week post-fertilization stage,2,4,307,0.056032122650118636
cao2020,exiting_tip,17th week post-fertilization stage,3,0,172,0.03139258988866581
cao2020,exiting_tip,17th week post-fertilization stage,3,1,162,0.029567439313743383
cao2020,exiting_tip,17th week post-fertilization stage,3,2,282,0.051469246212812556
cao2020,exiting_tip,17th week post-fertilization stage,3,3,273,0.04982661069538237
cao2020,exiting_tip,17th week post-fertilization stage,3,4,383,0.0699032670195291
cao2020,exiting_tip,17th week post-fertilization stage,4,0,109,0.019894141266654498
cao2020,exiting_tip,17th week post-fertilization stage,4,1,264,0.04818397517795218
cao2020,exiting_tip,17th week post-fertilization stage,4,2,353,0.06442781529476181
cao2020,exiting_tip,17th week post-fertilization stage,4,3,326,0.059499908742471255
cao2020,exiting_tip,17th week post-fertilization stage,4,4,145,0.02646468333637525
